departamento,provincia,distrito,lat,lon
AMAZONAS,CHACHAPOYAS,CHACHAPOYAS,-6.229444,-77.872778
AMAZONAS,CHACHAPOYAS,ASUNCION,-6.0325,-77.710833
AMAZONAS,CHACHAPOYAS,BALSAS,-6.835833,-78.019722
AMAZONAS,CHACHAPOYAS,CHETO,-6.255556,-77.700833
AMAZONAS,CHACHAPOYAS,CHILIQUIN,-6.078333,-77.7375
AMAZONAS,CHACHAPOYAS,CHUQUIBAMBA,-6.935,-77.854167
AMAZONAS,CHACHAPOYAS,GRANADA,-6.106389,-77.628611
AMAZONAS,CHACHAPOYAS,HUANCAS,-6.173611,-77.864444
AMAZONAS,CHACHAPOYAS,LA JALCA,-6.484722,-77.815
AMAZONAS,CHACHAPOYAS,LEIMEBAMBA,-6.7075,-77.803889
AMAZONAS,CHACHAPOYAS,LEVANTO,-6.307778,-77.899167
AMAZONAS,CHACHAPOYAS,MAGDALENA,-6.373056,-77.901667
AMAZONAS,CHACHAPOYAS,MARISCAL CASTILLA,-6.594444,-77.808611
AMAZONAS,CHACHAPOYAS,MOLINOPAMPA,-6.209167,-77.669167
AMAZONAS,CHACHAPOYAS,MONTEVIDEO,-6.618056,-77.802222
AMAZONAS,CHACHAPOYAS,OLLEROS,-6.023889,-77.676389
AMAZONAS,CHACHAPOYAS,QUINJALCA,-6.091389,-77.678611
AMAZONAS,CHACHAPOYAS,SAN FRANCISCO DE DAGUAS,-6.229167,-77.74
AMAZONAS,CHACHAPOYAS,SAN ISIDRO DE MAINO,-6.337222,-77.880556
AMAZONAS,CHACHAPOYAS,SOLOCO,-6.260556,-77.744167
AMAZONAS,CHACHAPOYAS,SONCHE,-6.218889,-77.775278
AMAZONAS,BAGUA,BAGUA,-5.638889,-78.531111
AMAZONAS,BAGUA,ARAMANGO,-5.416389,-78.437778
AMAZONAS,BAGUA,COPALLIN,-5.675,-78.423056
AMAZONAS,BAGUA,EL PARCO,-5.625,-78.475278
AMAZONAS,BAGUA,IMAZA,-5.163611,-78.288889
AMAZONAS,BAGUA,LA PECA,-5.611944,-78.436944
AMAZONAS,BONGARA,JUMBILLA,-5.904444,-77.797778
AMAZONAS,BONGARA,CHISQUILLA,-5.8975,-77.786111
AMAZONAS,BONGARA,CHURUJA,-6.019444,-77.951944
AMAZONAS,BONGARA,COROSHA,-5.843333,-77.8225
AMAZONAS,BONGARA,CUISPES,-5.928333,-77.946111
AMAZONAS,BONGARA,FLORIDA,-5.826111,-77.969444
AMAZONAS,BONGARA,JAZAN,-5.941389,-77.977222
AMAZONAS,BONGARA,RECTA,-5.917778,-77.788889
AMAZONAS,BONGARA,SAN CARLOS,-5.966111,-77.945278
AMAZONAS,BONGARA,SHIPASBAMBA,-5.910556,-77.980556
AMAZONAS,BONGARA,VALERA,-6.042778,-77.919167
AMAZONAS,BONGARA,YAMBRASBAMBA,-5.735278,-77.925
AMAZONAS,CONDORCANQUI,NIEVA,-4.592222,-77.864444
AMAZONAS,CONDORCANQUI,EL CENEPA,-4.455556,-78.158889
AMAZONAS,CONDORCANQUI,RIO SANTIAGO,-4.015833,-77.760833
AMAZONAS,LUYA,LAMUD,-6.139167,-77.952222
AMAZONAS,LUYA,CAMPORREDONDO,-6.213333,-78.32
AMAZONAS,LUYA,COCABAMBA,-6.614167,-78.005
AMAZONAS,LUYA,COLCAMAR,-6.299444,-77.973056
AMAZONAS,LUYA,CONILA,-6.159167,-78.141944
AMAZONAS,LUYA,INGUILPATA,-6.239444,-77.953889
AMAZONAS,LUYA,LONGUITA,-6.413611,-77.968333
AMAZONAS,LUYA,LONYA CHICO,-6.229722,-77.955
AMAZONAS,LUYA,LUYA,-6.164167,-77.944167
AMAZONAS,LUYA,LUYA VIEJO,-6.1275,-78.085
AMAZONAS,LUYA,MARIA,-6.428889,-77.960833
AMAZONAS,LUYA,OCALLI,-6.235278,-78.266389
AMAZONAS,LUYA,OCUMAL,-6.2825,-78.210833
AMAZONAS,LUYA,PISUQUIA,-6.453333,-78.091944
AMAZONAS,LUYA,PROVIDENCIA,-6.297222,-78.240833
AMAZONAS,LUYA,SAN CRISTOBAL,-6.101667,-77.959722
AMAZONAS,LUYA,SAN FRANCISCO DEL YESO,-6.646944,-77.811667
AMAZONAS,LUYA,SAN JERONIMO,-6.059722,-77.974444
AMAZONAS,LUYA,SAN JUAN DE LOPECANCHA,-6.496389,-77.861944
AMAZONAS,LUYA,SANTA CATALINA,-6.113611,-78.060833
AMAZONAS,LUYA,SANTO TOMAS,-6.5725,-77.865833
AMAZONAS,LUYA,TINGO,-6.379722,-77.905833
AMAZONAS,LUYA,TRITA,-6.151944,-77.980833
AMAZONAS,RODRIGUEZ DE MENDOZA,SAN NICOLAS,-6.395278,-77.482222
AMAZONAS,RODRIGUEZ DE MENDOZA,CHIRIMOTO,-6.523056,-77.4425
AMAZONAS,RODRIGUEZ DE MENDOZA,COCHAMAL,-6.4075,-77.585278
AMAZONAS,RODRIGUEZ DE MENDOZA,HUAMBO,-6.431111,-77.536667
AMAZONAS,RODRIGUEZ DE MENDOZA,LIMABAMBA,-6.498056,-77.498889
AMAZONAS,RODRIGUEZ DE MENDOZA,LONGAR,-6.385833,-77.546667
AMAZONAS,RODRIGUEZ DE MENDOZA,MARISCAL BENAVIDES,-6.386111,-77.504444
AMAZONAS,RODRIGUEZ DE MENDOZA,MILPUC,-6.5,-77.436389
AMAZONAS,RODRIGUEZ DE MENDOZA,OMIA,-6.467778,-77.395556
AMAZONAS,RODRIGUEZ DE MENDOZA,SANTA ROSA,-6.453611,-77.455278
AMAZONAS,RODRIGUEZ DE MENDOZA,TOTORA,-6.493056,-77.471667
AMAZONAS,RODRIGUEZ DE MENDOZA,VISTA ALEGRE,-6.150833,-77.303889
AMAZONAS,UTCUBAMBA,BAGUA GRANDE,-5.754722,-78.442778
AMAZONAS,UTCUBAMBA,CAJARURO,-5.736389,-78.426667
AMAZONAS,UTCUBAMBA,CUMBA,-5.935556,-78.663611
AMAZONAS,UTCUBAMBA,EL MILAGRO,-5.637778,-78.558333
AMAZONAS,UTCUBAMBA,JAMALCA,-5.894167,-78.237778
AMAZONAS,UTCUBAMBA,LONYA GRANDE,-6.096389,-78.4225
AMAZONAS,UTCUBAMBA,YAMON,-6.050833,-78.528889
ANCASH,HUARAZ,HUARAZ,-9.529722,-77.529167
ANCASH,HUARAZ,COCHABAMBA,-9.495,-77.859444
ANCASH,HUARAZ,COLCABAMBA,-9.594722,-77.808611
ANCASH,HUARAZ,HUANCHAY,-9.723611,-77.818611
ANCASH,HUARAZ,INDEPENDENCIA,-9.514444,-77.5325
ANCASH,HUARAZ,JANGAS,-9.400556,-77.5775
ANCASH,HUARAZ,LA LIBERTAD,-9.633056,-77.741389
ANCASH,HUARAZ,OLLEROS,-9.666667,-77.465556
ANCASH,HUARAZ,PAMPAS,-9.655278,-77.826111
ANCASH,HUARAZ,PARIACOTO,-9.559444,-77.890556
ANCASH,HUARAZ,PIRA,-9.581111,-77.707222
ANCASH,HUARAZ,TARICA,-9.393611,-77.575
ANCASH,AIJA,AIJA,-9.780278,-77.610556
ANCASH,AIJA,CORIS,-9.820556,-77.719444
ANCASH,AIJA,HUACLLAN,-9.798056,-77.675278
ANCASH,AIJA,LA MERCED,-9.735556,-77.616111
ANCASH,AIJA,SUCCHA,-9.823056,-77.649722
ANCASH,ANTONIO RAYMONDI,LLAMELLIN,-9.100833,-77.016944
ANCASH,ANTONIO RAYMONDI,ACZO,-9.151944,-76.988889
ANCASH,ANTONIO RAYMONDI,CHACCHO,-9.059722,-77.058333
ANCASH,ANTONIO RAYMONDI,CHINGAS,-9.118611,-76.991944
ANCASH,ANTONIO RAYMONDI,MIRGAS,-9.078611,-77.0925
ANCASH,ANTONIO RAYMONDI,SAN JUAN DE RONTOY,-9.175278,-77.002778
ANCASH,ASUNCION,CHACAS,-9.162222,-77.365833
ANCASH,ASUNCION,ACOCHACA,-9.114722,-77.368333
ANCASH,BOLOGNESI,CHIQUIAN,-10.151944,-77.156389
ANCASH,BOLOGNESI,ABELARDO PARDO LEZAMETA,-10.299167,-77.146389
ANCASH,BOLOGNESI,ANTONIO RAYMONDI,-10.157222,-77.470556
ANCASH,BOLOGNESI,AQUIA,-10.074444,-77.145
ANCASH,BOLOGNESI,CAJACAY,-10.155278,-77.439722
ANCASH,BOLOGNESI,CANIS,-10.338889,-77.168889
ANCASH,BOLOGNESI,COLQUIOC,-10.312222,-77.615278
ANCASH,BOLOGNESI,HUALLANCA,-9.899444,-76.941667
ANCASH,BOLOGNESI,HUASTA,-10.123333,-77.146667
ANCASH,BOLOGNESI,HUAYLLACAYAN,-10.245,-77.434722
ANCASH,BOLOGNESI,LA PRIMAVERA,-10.335556,-77.125278
ANCASH,BOLOGNESI,MANGAS,-10.369444,-77.103333
ANCASH,BOLOGNESI,PACLLON,-10.234444,-77.071667
ANCASH,BOLOGNESI,SAN MIGUEL DE CORPANQUI,-10.285,-77.198889
ANCASH,BOLOGNESI,TICLLOS,-10.253056,-77.190833
ANCASH,CARHUAZ,CARHUAZ,-9.281389,-77.646667
ANCASH,CARHUAZ,ACOPAMPA,-9.294722,-77.625278
ANCASH,CARHUAZ,AMASHCA,-9.239167,-77.646667
ANCASH,CARHUAZ,ANTA,-9.357778,-77.598889
ANCASH,CARHUAZ,ATAQUERO,-9.262222,-77.691667
ANCASH,CARHUAZ,MARCARA,-9.322778,-77.603611
ANCASH,CARHUAZ,PARIAHUANCA,-9.365278,-77.580833
ANCASH,CARHUAZ,SAN MIGUEL DE ACO,-9.368333,-77.564444
ANCASH,CARHUAZ,SHILLA,-9.231667,-77.625
ANCASH,CARHUAZ,TINCO,-9.270833,-77.6775
ANCASH,CARHUAZ,YUNGAR,-9.3775,-77.592222
ANCASH,CARLOS FERMIN FITZCARRALD,SAN LUIS,-9.094167,-77.328889
ANCASH,CARLOS FERMIN FITZCARRALD,SAN NICOLAS,-8.975833,-77.189167
ANCASH,CARLOS FERMIN FITZCARRALD,YAUYA,-8.991111,-77.291389
ANCASH,CASMA,CASMA,-9.475833,-78.306389
ANCASH,CASMA,BUENA VISTA ALTA,-9.4325,-78.206944
ANCASH,CASMA,COMANDANTE NOEL,-9.4625,-78.384722
ANCASH,CASMA,YAUTAN,-9.511389,-77.996389
ANCASH,CORONGO,CORONGO,-8.570833,-77.898889
ANCASH,CORONGO,ACO,-8.523056,-77.877778
ANCASH,CORONGO,BAMBAS,-8.6025,-77.996944
ANCASH,CORONGO,CUSCA,-8.513333,-77.864722
ANCASH,CORONGO,LA PAMPA,-8.661111,-77.900833
ANCASH,CORONGO,YANAC,-8.618611,-77.864722
ANCASH,CORONGO,YUPAN,-8.614444,-77.968611
ANCASH,HUARI,HUARI,-9.347222,-77.170833
ANCASH,HUARI,ANRA,-9.234722,-76.926389
ANCASH,HUARI,CAJAY,-9.325833,-77.1575
ANCASH,HUARI,CHAVIN DE HUANTAR,-9.588611,-77.178333
ANCASH,HUARI,HUACACHI,-9.315556,-76.938611
ANCASH,HUARI,HUACCHIS,-9.200556,-76.786944
ANCASH,HUARI,HUACHIS,-9.41,-77.1
ANCASH,HUARI,HUANTAR,-9.451944,-77.176667
ANCASH,HUARI,MASIN,-9.365833,-77.096389
ANCASH,HUARI,PAUCAS,-9.1525,-76.899444
ANCASH,HUARI,PONTO,-9.326111,-77.004444
ANCASH,HUARI,RAHUAPAMPA,-9.359167,-77.078611
ANCASH,HUARI,RAPAYAN,-9.2025,-76.759444
ANCASH,HUARI,SAN MARCOS,-9.524167,-77.156944
ANCASH,HUARI,SAN PEDRO DE CHANA,-9.403056,-77.011111
ANCASH,HUARI,UCO,-9.188333,-76.928333
ANCASH,HUARMEY,HUARMEY,-10.068889,-78.151667
ANCASH,HUARMEY,COCHAPETI,-9.987222,-77.646111
ANCASH,HUARMEY,CULEBRAS,-9.950278,-78.222222
ANCASH,HUARMEY,HUAYAN,-9.875278,-77.708333
ANCASH,HUARMEY,MALVAS,-9.929722,-77.657778
ANCASH,HUAYLAS,CARAZ,-9.048611,-77.804722
ANCASH,HUAYLAS,HUALLANCA,-8.818889,-77.863056
ANCASH,HUAYLAS,HUATA,-9.016389,-77.861389
ANCASH,HUAYLAS,HUAYLAS,-8.8725,-77.892778
ANCASH,HUAYLAS,MATO,-8.961389,-77.8425
ANCASH,HUAYLAS,PAMPAROMAS,-9.073333,-77.981667
ANCASH,HUAYLAS,PUEBLO LIBRE,-9.11,-77.801944
ANCASH,HUAYLAS,SANTA CRUZ,-8.951944,-77.815
ANCASH,HUAYLAS,SANTO TORIBIO,-8.864444,-77.914722
ANCASH,HUAYLAS,YURACMARCA,-8.7375,-77.903889
ANCASH,MARISCAL LUZURIAGA,PISCOBAMBA,-8.865,-77.357778
ANCASH,MARISCAL LUZURIAGA,CASCA,-8.855556,-77.398611
ANCASH,MARISCAL LUZURIAGA,ELEAZAR GUZMAN BARRON,-8.902222,-77.243889
ANCASH,MARISCAL LUZURIAGA,FIDEL OLIVAS ESCUDERO,-8.806111,-77.279722
ANCASH,MARISCAL LUZURIAGA,LLAMA,-8.915,-77.301389
ANCASH,MARISCAL LUZURIAGA,LLUMPA,-8.960833,-77.3675
ANCASH,MARISCAL LUZURIAGA,LUCMA,-8.919444,-77.410833
ANCASH,MARISCAL LUZURIAGA,MUSGA,-8.906111,-77.339167
ANCASH,OCROS,OCROS,-10.403333,-77.396667
ANCASH,OCROS,ACAS,-10.4575,-77.327778
ANCASH,OCROS,CAJAMARQUILLA,-10.354167,-77.199167
ANCASH,OCROS,CARHUAPAMPA,-10.4975,-77.242778
ANCASH,OCROS,COCHAS,-10.536667,-77.422778
ANCASH,OCROS,CONGAS,-10.3375,-77.442778
ANCASH,OCROS,LLIPA,-10.3925,-77.190833
ANCASH,OCROS,SAN CRISTOBAL DE RAJAN,-10.386944,-77.219444
ANCASH,OCROS,SAN PEDRO,-10.371944,-77.487222
ANCASH,OCROS,SANTIAGO DE CHILCAS,-10.438611,-77.365833
ANCASH,PALLASCA,CABANA,-8.393056,-78.008889
ANCASH,PALLASCA,BOLOGNESI,-8.350556,-78.050556
ANCASH,PALLASCA,CONCHUCOS,-8.268611,-77.852778
ANCASH,PALLASCA,HUACASCHUQUE,-8.306389,-78.004722
ANCASH,PALLASCA,HUANDOVAL,-8.331111,-77.975278
ANCASH,PALLASCA,LACABAMBA,-8.260278,-77.898333
ANCASH,PALLASCA,LLAPO,-8.514444,-78.042222
ANCASH,PALLASCA,PALLASCA,-8.253056,-77.999444
ANCASH,PALLASCA,PAMPAS,-8.195278,-77.895833
ANCASH,PALLASCA,SANTA ROSA,-8.527778,-78.0675
ANCASH,PALLASCA,TAUCA,-8.470278,-78.037778
ANCASH,POMABAMBA,POMABAMBA,-8.821111,-77.460278
ANCASH,POMABAMBA,HUAYLLAN,-8.858056,-77.435556
ANCASH,POMABAMBA,PAROBAMBA,-8.695833,-77.429722
ANCASH,POMABAMBA,QUINUABAMBA,-8.697222,-77.398333
ANCASH,RECUAY,RECUAY,-9.721667,-77.456389
ANCASH,RECUAY,CATAC,-9.801667,-77.430556
ANCASH,RECUAY,COTAPARACO,-9.993333,-77.588056
ANCASH,RECUAY,HUAYLLAPAMPA,-10.055556,-77.536667
ANCASH,RECUAY,LLACLLIN,-10.069167,-77.621667
ANCASH,RECUAY,MARCA,-10.089167,-77.474444
ANCASH,RECUAY,PAMPAS CHICO,-10.114722,-77.398056
ANCASH,RECUAY,PARARIN,-10.05,-77.654444
ANCASH,RECUAY,TAPACOCHA,-10.010278,-77.569167
ANCASH,RECUAY,TICAPAMPA,-9.760556,-77.442778
ANCASH,SANTA,CHIMBOTE,-9.041667,-78.607778
ANCASH,SANTA,CACERES DEL PERU,-9.013056,-78.138056
ANCASH,SANTA,COISHCO,-9.023056,-78.616111
ANCASH,SANTA,MACATE,-8.760278,-78.061389
ANCASH,SANTA,MORO,-9.138889,-78.183333
ANCASH,SANTA,NEPEÑA,-9.172778,-78.360833
ANCASH,SANTA,SAMANCO,-9.262222,-78.495833
ANCASH,SANTA,SANTA,-8.987778,-78.613056
ANCASH,SANTA,NUEVO CHIMBOTE,-9.128611,-78.530833
ANCASH,SIHUAS,SIHUAS,-8.554444,-77.630833
ANCASH,SIHUAS,ACOBAMBA,-8.326111,-77.581944
ANCASH,SIHUAS,ALFONSO UGARTE,-8.456111,-77.426667
ANCASH,SIHUAS,CASHAPAMPA,-8.561111,-77.653056
ANCASH,SIHUAS,CHINGALPO,-8.338611,-77.5975
ANCASH,SIHUAS,HUAYLLABAMBA,-8.534722,-77.566944
ANCASH,SIHUAS,QUICHES,-8.395,-77.491111
ANCASH,SIHUAS,RAGASH,-8.531667,-77.665833
ANCASH,SIHUAS,SAN JUAN,-8.646389,-77.581944
ANCASH,SIHUAS,SICSIBAMBA,-8.623333,-77.535556
ANCASH,YUNGAY,YUNGAY,-9.14,-77.744722
ANCASH,YUNGAY,CASCAPARA,-9.226389,-77.717222
ANCASH,YUNGAY,MANCOS,-9.19,-77.712222
ANCASH,YUNGAY,MATACOTO,-9.176944,-77.747222
ANCASH,YUNGAY,QUILLO,-9.328611,-78.041667
ANCASH,YUNGAY,RANRAHIRCA,-9.173056,-77.7225
ANCASH,YUNGAY,SHUPLUY,-9.216944,-77.693889
ANCASH,YUNGAY,YANAMA,-9.020556,-77.470833
APURIMAC,ABANCAY,ABANCAY,-13.628889,-72.886111
APURIMAC,ABANCAY,CHACOCHE,-13.941111,-72.991111
APURIMAC,ABANCAY,CIRCA,-13.878333,-72.875833
APURIMAC,ABANCAY,CURAHUASI,-13.541389,-72.696111
APURIMAC,ABANCAY,HUANIPACA,-13.492222,-72.933333
APURIMAC,ABANCAY,LAMBRAMA,-13.870833,-72.769722
APURIMAC,ABANCAY,PICHIRHUA,-13.860833,-73.073333
APURIMAC,ABANCAY,SAN PEDRO DE CACHORA,-13.514167,-72.814167
APURIMAC,ABANCAY,TAMBURCO,-13.622222,-72.873333
APURIMAC,ANDAHUAYLAS,ANDAHUAYLAS,-13.656111,-73.389722
APURIMAC,ANDAHUAYLAS,ANDARAPA,-13.528056,-73.365833
APURIMAC,ANDAHUAYLAS,CHIARA,-13.867222,-73.668889
APURIMAC,ANDAHUAYLAS,HUANCARAMA,-13.644722,-73.085556
APURIMAC,ANDAHUAYLAS,HUANCARAY,-13.757222,-73.5275
APURIMAC,ANDAHUAYLAS,HUAYANA,-14.050833,-73.609444
APURIMAC,ANDAHUAYLAS,KISHUARA,-13.691111,-73.118611
APURIMAC,ANDAHUAYLAS,PACOBAMBA,-13.615278,-73.083889
APURIMAC,ANDAHUAYLAS,PACUCHA,-13.609444,-73.344167
APURIMAC,ANDAHUAYLAS,PAMPACHIRI,-14.186944,-73.544722
APURIMAC,ANDAHUAYLAS,POMACOCHA,-14.083889,-73.590833
APURIMAC,ANDAHUAYLAS,SAN ANTONIO DE CACHI,-13.773056,-73.603333
APURIMAC,ANDAHUAYLAS,SAN JERONIMO,-13.651667,-73.365833
APURIMAC,ANDAHUAYLAS,SAN MIGUEL DE CHACCRAMPA,-13.961111,-73.607778
APURIMAC,ANDAHUAYLAS,SANTA MARIA DE CHICMO,-13.6575,-73.493889
APURIMAC,ANDAHUAYLAS,TALAVERA,-13.654167,-73.428889
APURIMAC,ANDAHUAYLAS,TUMAY HUARACA,-14.052778,-73.565833
APURIMAC,ANDAHUAYLAS,TURPO,-13.785556,-73.474167
APURIMAC,ANDAHUAYLAS,KAQUIABAMBA,-13.5325,-73.288333
APURIMAC,ANDAHUAYLAS,JOSE MARIA ARGUEDAS,-13.734167,-73.350556
APURIMAC,ANTABAMBA,ANTABAMBA,-14.365278,-72.877222
APURIMAC,ANTABAMBA,EL ORO,-14.208889,-73.058333
APURIMAC,ANTABAMBA,HUAQUIRCA,-14.339444,-72.895
APURIMAC,ANTABAMBA,JUAN ESPINOZA MEDRANO,-14.428333,-72.915
APURIMAC,ANTABAMBA,OROPESA,-14.260556,-72.563611
APURIMAC,ANTABAMBA,PACHACONAS,-14.223333,-73.016389
APURIMAC,ANTABAMBA,SABAINO,-14.313333,-72.945278
APURIMAC,AYMARAES,CHALHUANCA,-14.294444,-73.244722
APURIMAC,AYMARAES,CAPAYA,-14.117778,-73.321111
APURIMAC,AYMARAES,CARAYBAMBA,-14.378056,-73.160833
APURIMAC,AYMARAES,CHAPIMARCA,-13.975,-73.065
APURIMAC,AYMARAES,COLCABAMBA,-14.006389,-73.254167
APURIMAC,AYMARAES,COTARUSE,-14.415833,-73.205
APURIMAC,AYMARAES,HUAYLLO,-14.133056,-73.267778
APURIMAC,AYMARAES,JUSTO APU SAHUARAURA,-14.148056,-73.173889
APURIMAC,AYMARAES,LUCRE,-13.949722,-73.226111
APURIMAC,AYMARAES,POCOHUANCA,-14.218333,-73.086944
APURIMAC,AYMARAES,SAN JUAN DE CHACÑA,-13.924167,-73.182222
APURIMAC,AYMARAES,SAÑAYCA,-14.204444,-73.346944
APURIMAC,AYMARAES,SORAYA,-14.164722,-73.315
APURIMAC,AYMARAES,TAPAIRIHUA,-14.141389,-73.140278
APURIMAC,AYMARAES,TINTAY,-13.959444,-73.185278
APURIMAC,AYMARAES,TORAYA,-14.053056,-73.293889
APURIMAC,AYMARAES,YANACA,-14.225278,-73.16
APURIMAC,COTABAMBAS,TAMBOBAMBA,-13.946111,-72.174722
APURIMAC,COTABAMBAS,COTABAMBAS,-13.745556,-72.355
APURIMAC,COTABAMBAS,COYLLURQUI,-13.836944,-72.432222
APURIMAC,COTABAMBAS,HAQUIRA,-14.214167,-72.188889
APURIMAC,COTABAMBAS,MARA,-14.086667,-72.101944
APURIMAC,COTABAMBAS,CHALLHUAHUACHO,-14.118611,-72.246667
APURIMAC,CHINCHEROS,CHINCHEROS,-13.518333,-73.722778
APURIMAC,CHINCHEROS,ANCO-HUALLO,-13.529722,-73.674167
APURIMAC,CHINCHEROS,COCHARCAS,-13.610556,-73.741389
APURIMAC,CHINCHEROS,HUACCANA,-13.388056,-73.689167
APURIMAC,CHINCHEROS,OCOBAMBA,-13.4825,-73.560278
APURIMAC,CHINCHEROS,ONGOY,-13.402778,-73.668333
APURIMAC,CHINCHEROS,URANMARCA,-13.672222,-73.669444
APURIMAC,CHINCHEROS,RANRACANCHA,-13.5325,-73.605556
APURIMAC,CHINCHEROS,ROCCHACC,-13.440556,-73.6
APURIMAC,CHINCHEROS,EL PORVENIR,-13.396667,-73.593333
APURIMAC,CHINCHEROS,LOS CHANKAS,-13.435,-73.821944
APURIMAC,GRAU,CHUQUIBAMBILLA,-14.105,-72.707778
APURIMAC,GRAU,CURPAHUASI,-14.063333,-72.670833
APURIMAC,GRAU,GAMARRA,-13.871667,-72.508333
APURIMAC,GRAU,HUAYLLATI,-13.928056,-72.484444
APURIMAC,GRAU,MAMARA,-14.228611,-72.590833
APURIMAC,GRAU,MICAELA BASTIDAS,-14.115278,-72.614167
APURIMAC,GRAU,PATAYPAMPA,-14.1775,-72.6725
APURIMAC,GRAU,PROGRESO,-14.072222,-72.476667
APURIMAC,GRAU,SAN ANTONIO,-14.169444,-72.623333
APURIMAC,GRAU,SANTA ROSA,-14.139722,-72.656667
APURIMAC,GRAU,TURPAY,-14.227778,-72.6225
APURIMAC,GRAU,VILCABAMBA,-14.077778,-72.624722
APURIMAC,GRAU,VIRUNDO,-14.250278,-72.681111
APURIMAC,GRAU,CURASCO,-14.061944,-72.567778
AREQUIPA,AREQUIPA,AREQUIPA,-16.393333,-71.528889
AREQUIPA,AREQUIPA,ALTO SELVA ALEGRE,-16.38,-71.521111
AREQUIPA,AREQUIPA,CAYMA,-16.3625,-71.544167
AREQUIPA,AREQUIPA,CERRO COLORADO,-16.376389,-71.560833
AREQUIPA,AREQUIPA,CHARACATO,-16.468611,-71.484444
AREQUIPA,AREQUIPA,CHIGUATA,-16.403611,-71.391667
AREQUIPA,AREQUIPA,JACOBO HUNTER,-16.441389,-71.558611
AREQUIPA,AREQUIPA,LA JOYA,-16.423056,-71.818333
AREQUIPA,AREQUIPA,MARIANO MELGAR,-16.407222,-71.505556
AREQUIPA,AREQUIPA,MIRAFLORES,-16.394722,-71.5225
AREQUIPA,AREQUIPA,MOLLEBAYA,-16.487222,-71.466944
AREQUIPA,AREQUIPA,PAUCARPATA,-16.432778,-71.504722
AREQUIPA,AREQUIPA,POCSI,-16.517778,-71.389722
AREQUIPA,AREQUIPA,POLOBAYA,-16.565833,-71.368333
AREQUIPA,AREQUIPA,QUEQUEÑA,-16.557222,-71.451389
AREQUIPA,AREQUIPA,SABANDIA,-16.456944,-71.494722
AREQUIPA,AREQUIPA,SACHACA,-16.424444,-71.566389
AREQUIPA,AREQUIPA,SAN JUAN DE SIGUAS,-16.346111,-72.128333
AREQUIPA,AREQUIPA,SAN JUAN DE TARUCANI,-16.183611,-71.061944
AREQUIPA,AREQUIPA,SANTA ISABEL DE SIGUAS,-16.320833,-72.098889
AREQUIPA,AREQUIPA,SANTA RITA DE SIGUAS,-16.493611,-72.094722
AREQUIPA,AREQUIPA,SOCABAYA,-16.4675,-71.528611
AREQUIPA,AREQUIPA,TIABAYA,-16.449444,-71.591667
AREQUIPA,AREQUIPA,UCHUMAYO,-16.425278,-71.6725
AREQUIPA,AREQUIPA,VITOR,-16.465833,-71.935833
AREQUIPA,AREQUIPA,YANAHUARA,-16.381944,-71.536389
AREQUIPA,AREQUIPA,YARABAMBA,-16.546667,-71.475556
AREQUIPA,AREQUIPA,YURA,-16.246944,-71.706389
AREQUIPA,AREQUIPA,JOSE LUIS BUSTAMANTE Y RIVERO,-16.426667,-71.523889
AREQUIPA,CAMANA,CAMANA,-16.624722,-72.711389
AREQUIPA,CAMANA,JOSE MARIA QUIMPER,-16.601944,-72.727222
AREQUIPA,CAMANA,MARIANO NICOLAS VALCARCEL,-16.031389,-73.174444
AREQUIPA,CAMANA,MARISCAL CACERES,-16.619722,-72.736111
AREQUIPA,CAMANA,NICOLAS DE PIEROLA,-16.573056,-72.715833
AREQUIPA,CAMANA,OCOÑA,-16.431667,-73.105
AREQUIPA,CAMANA,QUILCA,-16.716944,-72.425556
AREQUIPA,CAMANA,SAMUEL PASTOR,-16.613611,-72.699167
AREQUIPA,CARAVELI,CARAVELI,-15.7725,-73.365833
AREQUIPA,CARAVELI,ACARI,-15.435556,-74.616389
AREQUIPA,CARAVELI,ATICO,-16.208333,-73.623611
AREQUIPA,CARAVELI,ATIQUIPA,-15.796111,-74.363611
AREQUIPA,CARAVELI,BELLA UNION,-15.450556,-74.658333
AREQUIPA,CARAVELI,CAHUACHO,-15.502778,-73.479722
AREQUIPA,CARAVELI,CHALA,-15.865556,-74.2475
AREQUIPA,CARAVELI,CHAPARRA,-15.805278,-73.966944
AREQUIPA,CARAVELI,HUANUHUANU,-15.658889,-74.091389
AREQUIPA,CARAVELI,JAQUI,-15.479167,-74.443611
AREQUIPA,CARAVELI,LOMAS,-15.569722,-74.851389
AREQUIPA,CARAVELI,QUICACHA,-15.625,-73.798333
AREQUIPA,CARAVELI,YAUCA,-15.661944,-74.527222
AREQUIPA,CASTILLA,APLAO,-16.076111,-72.492222
AREQUIPA,CASTILLA,ANDAGUA,-15.498889,-72.356111
AREQUIPA,CASTILLA,AYO,-15.682778,-72.271944
AREQUIPA,CASTILLA,CHACHAS,-15.501389,-72.270556
AREQUIPA,CASTILLA,CHILCAYMARCA,-15.286111,-72.376667
AREQUIPA,CASTILLA,CHOCO,-15.576667,-72.128889
AREQUIPA,CASTILLA,HUANCARQUI,-16.096111,-72.472222
AREQUIPA,CASTILLA,MACHAGUAY,-15.650278,-72.506111
AREQUIPA,CASTILLA,ORCOPAMPA,-15.2625,-72.341944
AREQUIPA,CASTILLA,PAMPACOLCA,-15.713333,-72.573889
AREQUIPA,CASTILLA,TIPAN,-15.723056,-72.501944
AREQUIPA,CASTILLA,UÑON,-15.728611,-72.432222
AREQUIPA,CASTILLA,URACA,-16.223889,-72.469722
AREQUIPA,CASTILLA,VIRACO,-15.658333,-72.525
AREQUIPA,CAYLLOMA,CHIVAY,-15.640278,-71.603611
AREQUIPA,CAYLLOMA,ACHOMA,-15.66,-71.703611
AREQUIPA,CAYLLOMA,CABANACONDE,-15.62,-71.981944
AREQUIPA,CAYLLOMA,CALLALLI,-15.506389,-71.444722
AREQUIPA,CAYLLOMA,CAYLLOMA,-15.188889,-71.773333
AREQUIPA,CAYLLOMA,COPORAQUE,-15.627222,-71.646111
AREQUIPA,CAYLLOMA,HUAMBO,-15.729444,-72.109722
AREQUIPA,CAYLLOMA,HUANCA,-16.033611,-71.878056
AREQUIPA,CAYLLOMA,ICHUPAMPA,-15.65,-71.686667
AREQUIPA,CAYLLOMA,LARI,-15.618333,-71.7725
AREQUIPA,CAYLLOMA,LLUTA,-16.015556,-72.013889
AREQUIPA,CAYLLOMA,MACA,-15.641389,-71.768333
AREQUIPA,CAYLLOMA,MADRIGAL,-15.608333,-71.8075
AREQUIPA,CAYLLOMA,SAN ANTONIO DE CHUCA,-15.838889,-71.090556
AREQUIPA,CAYLLOMA,SIBAYO,-15.486111,-71.456944
AREQUIPA,CAYLLOMA,TAPAY,-15.5775,-71.939722
AREQUIPA,CAYLLOMA,TISCO,-15.346944,-71.446389
AREQUIPA,CAYLLOMA,TUTI,-15.533056,-71.553056
AREQUIPA,CAYLLOMA,YANQUE,-15.648333,-71.660833
AREQUIPA,CAYLLOMA,MAJES,-16.353333,-72.247222
AREQUIPA,CONDESUYOS,CHUQUIBAMBA,-15.839444,-72.651667
AREQUIPA,CONDESUYOS,ANDARAY,-15.797222,-72.860833
AREQUIPA,CONDESUYOS,CAYARANI,-14.671944,-72.021944
AREQUIPA,CONDESUYOS,CHICHAS,-15.547778,-72.918611
AREQUIPA,CONDESUYOS,IRAY,-15.853611,-72.63
AREQUIPA,CONDESUYOS,RIO GRANDE,-15.94,-73.131111
AREQUIPA,CONDESUYOS,SALAMANCA,-15.504444,-72.834444
AREQUIPA,CONDESUYOS,YANAQUIHUA,-15.775556,-72.876389
AREQUIPA,ISLAY,MOLLENDO,-17.029167,-72.016389
AREQUIPA,ISLAY,COCACHACRA,-17.091111,-71.773889
AREQUIPA,ISLAY,DEAN VALDIVIA,-17.145,-71.826667
AREQUIPA,ISLAY,ISLAY,-17.000833,-72.0975
AREQUIPA,ISLAY,MEJIA,-17.101111,-71.9075
AREQUIPA,ISLAY,PUNTA DE BOMBON,-17.156111,-71.784722
AREQUIPA,LA UNION,COTAHUASI,-15.212778,-72.889444
AREQUIPA,LA UNION,ALCA,-15.134167,-72.765
AREQUIPA,LA UNION,CHARCANA,-15.240556,-73.070556
AREQUIPA,LA UNION,HUAYNACOTAS,-15.174722,-72.849722
AREQUIPA,LA UNION,PAMPAMARCA,-15.1825,-72.905278
AREQUIPA,LA UNION,PUYCA,-15.059167,-72.691667
AREQUIPA,LA UNION,QUECHUALLA,-15.273889,-73.022222
AREQUIPA,LA UNION,SAYLA,-15.32,-73.221944
AREQUIPA,LA UNION,TAURIA,-15.354167,-73.2325
AREQUIPA,LA UNION,TOMEPAMPA,-15.173056,-72.830278
AREQUIPA,LA UNION,TORO,-15.264444,-72.928333
AYACUCHO,HUAMANGA,AYACUCHO,-13.160278,-74.225278
AYACUCHO,HUAMANGA,ACOCRO,-13.218611,-74.041944
AYACUCHO,HUAMANGA,ACOS VINCHOS,-13.113056,-74.1
AYACUCHO,HUAMANGA,CARMEN ALTO,-13.179444,-74.220556
AYACUCHO,HUAMANGA,CHIARA,-13.272778,-74.205833
AYACUCHO,HUAMANGA,OCROS,-13.390556,-73.915556
AYACUCHO,HUAMANGA,PACAYCASA,-13.0575,-74.215833
AYACUCHO,HUAMANGA,QUINUA,-13.049167,-74.139167
AYACUCHO,HUAMANGA,SAN JOSE DE TICLLAS,-13.132222,-74.333056
AYACUCHO,HUAMANGA,SAN JUAN BAUTISTA,-13.166667,-74.223611
AYACUCHO,HUAMANGA,SANTIAGO DE PISCHA,-13.085556,-74.393333
AYACUCHO,HUAMANGA,SOCOS,-13.215,-74.289444
AYACUCHO,HUAMANGA,TAMBILLO,-13.194722,-74.110556
AYACUCHO,HUAMANGA,VINCHOS,-13.241667,-74.354167
AYACUCHO,HUAMANGA,JESUS NAZARENO,-13.154167,-74.2125
AYACUCHO,HUAMANGA,ANDRES AVELINO CACERES DORREGARAY,-13.162778,-74.213889
AYACUCHO,CANGALLO,CANGALLO,-13.629167,-74.143889
AYACUCHO,CANGALLO,CHUSCHI,-13.585,-74.351667
AYACUCHO,CANGALLO,LOS MOROCHUCOS,-13.5575,-74.195
AYACUCHO,CANGALLO,MARIA PARADO DE BELLIDO,-13.604722,-74.236389
AYACUCHO,CANGALLO,PARAS,-13.5525,-74.627778
AYACUCHO,CANGALLO,TOTOS,-13.5675,-74.522778
AYACUCHO,HUANCA SANCOS,SANCOS,-13.919722,-74.334167
AYACUCHO,HUANCA SANCOS,CARAPO,-13.8375,-74.315556
AYACUCHO,HUANCA SANCOS,SACSAMARCA,-13.942778,-74.312778
AYACUCHO,HUANCA SANCOS,SANTIAGO DE LUCANAMARCA,-13.843889,-74.372222
AYACUCHO,HUANTA,HUANTA,-12.939444,-74.248056
AYACUCHO,HUANTA,AYAHUANCO,-12.593889,-74.330833
AYACUCHO,HUANTA,HUAMANGUILLA,-13.011111,-74.173056
AYACUCHO,HUANTA,IGUAIN,-12.9925,-74.208889
AYACUCHO,HUANTA,LURICOCHA,-12.899722,-74.273611
AYACUCHO,HUANTA,SANTILLANA,-12.766389,-74.253056
AYACUCHO,HUANTA,SIVIA,-12.511944,-73.858889
AYACUCHO,HUANTA,LLOCHEGUA,-12.41,-73.906389
AYACUCHO,HUANTA,CANAYRE,-12.282222,-74.023056
AYACUCHO,HUANTA,UCHURACCAY,-12.761389,-74.145556
AYACUCHO,HUANTA,PUCACOLPA,-12.420556,-74.489167
AYACUCHO,HUANTA,CHACA,-12.784167,-74.205833
AYACUCHO,LA MAR,SAN MIGUEL,-13.012778,-73.981111
AYACUCHO,LA MAR,ANCO,-13.060278,-73.706944
AYACUCHO,LA MAR,AYNA,-12.624167,-73.789444
AYACUCHO,LA MAR,CHILCAS,-13.171111,-73.906389
AYACUCHO,LA MAR,CHUNGUI,-13.222222,-73.621667
AYACUCHO,LA MAR,LUIS CARRANZA,-13.228889,-73.894444
AYACUCHO,LA MAR,SANTA ROSA,-12.687778,-73.735833
AYACUCHO,LA MAR,TAMBO,-12.948056,-74.020833
AYACUCHO,LA MAR,SAMUGARI,-12.768333,-73.655556
AYACUCHO,LA MAR,ANCHIHUAY,-12.863611,-73.5825
AYACUCHO,LA MAR,ORONCCOY,-13.380833,-73.436111
AYACUCHO,LUCANAS,PUQUIO,-14.694167,-74.124444
AYACUCHO,LUCANAS,AUCARA,-14.281111,-73.975278
AYACUCHO,LUCANAS,CABANA,-14.288333,-73.967222
AYACUCHO,LUCANAS,CARMEN SALCEDO,-14.387778,-73.961944
AYACUCHO,LUCANAS,CHAVIÑA,-14.979444,-73.8375
AYACUCHO,LUCANAS,CHIPAO,-14.365833,-73.876111
AYACUCHO,LUCANAS,HUAC-HUAS,-14.131667,-74.942222
AYACUCHO,LUCANAS,LARAMATE,-14.286111,-74.8425
AYACUCHO,LUCANAS,LEONCIO PRADO,-14.728889,-74.670278
AYACUCHO,LUCANAS,LLAUTA,-14.243611,-74.920278
AYACUCHO,LUCANAS,LUCANAS,-14.6225,-74.233056
AYACUCHO,LUCANAS,OCAÑA,-14.398889,-74.822778
AYACUCHO,LUCANAS,OTOCA,-14.49,-74.686667
AYACUCHO,LUCANAS,SAISA,-14.940278,-74.417222
AYACUCHO,LUCANAS,SAN CRISTOBAL,-14.743056,-74.222222
AYACUCHO,LUCANAS,SAN JUAN,-14.651667,-74.199167
AYACUCHO,LUCANAS,SAN PEDRO,-14.766944,-74.097778
AYACUCHO,LUCANAS,SAN PEDRO DE PALCO,-14.411944,-74.651389
AYACUCHO,LUCANAS,SANCOS,-15.062778,-73.952222
AYACUCHO,LUCANAS,SANTA ANA DE HUAYCAHUACHO,-14.226389,-73.956667
AYACUCHO,LUCANAS,SANTA LUCIA,-14.978333,-74.523889
AYACUCHO,PARINACOCHAS,CORACORA,-15.016944,-73.781389
AYACUCHO,PARINACOCHAS,CHUMPI,-15.094444,-73.748056
AYACUCHO,PARINACOCHAS,CORONEL CASTAÑEDA,-14.807222,-73.282222
AYACUCHO,PARINACOCHAS,PACAPAUSA,-14.950278,-73.367778
AYACUCHO,PARINACOCHAS,PULLO,-15.21,-73.826667
AYACUCHO,PARINACOCHAS,PUYUSCA,-15.246944,-73.569444
AYACUCHO,PARINACOCHAS,SAN FRANCISCO DE RAVACAYCO,-14.996944,-73.351111
AYACUCHO,PARINACOCHAS,UPAHUACHO,-14.907222,-73.3975
AYACUCHO,PAUCAR DEL SARA SARA,PAUSA,-15.278611,-73.344167
AYACUCHO,PAUCAR DEL SARA SARA,COLTA,-15.162778,-73.293889
AYACUCHO,PAUCAR DEL SARA SARA,CORCULLA,-15.262778,-73.200278
AYACUCHO,PAUCAR DEL SARA SARA,LAMPA,-15.185,-73.349167
AYACUCHO,PAUCAR DEL SARA SARA,MARCABAMBA,-15.149722,-73.341667
AYACUCHO,PAUCAR DEL SARA SARA,OYOLO,-15.18,-73.185278
AYACUCHO,PAUCAR DEL SARA SARA,PARARCA,-15.2175,-73.464722
AYACUCHO,PAUCAR DEL SARA SARA,SAN JAVIER DE ALPABAMBA,-15.056667,-73.322222
AYACUCHO,PAUCAR DEL SARA SARA,SAN JOSE DE USHUA,-15.225,-73.226667
AYACUCHO,PAUCAR DEL SARA SARA,SARA SARA,-15.245278,-73.453056
AYACUCHO,SUCRE,QUEROBAMBA,-14.011667,-73.838611
AYACUCHO,SUCRE,BELEN,-13.808889,-73.7575
AYACUCHO,SUCRE,CHALCOS,-13.848056,-73.754167
AYACUCHO,SUCRE,CHILCAYOC,-13.883056,-73.727222
AYACUCHO,SUCRE,HUACAÑA,-14.172222,-73.886389
AYACUCHO,SUCRE,MORCOLLA,-14.108611,-73.871944
AYACUCHO,SUCRE,PAICO,-14.038333,-73.642222
AYACUCHO,SUCRE,SAN PEDRO DE LARCAY,-14.168611,-73.572778
AYACUCHO,SUCRE,SAN SALVADOR DE QUIJE,-13.968333,-73.734722
AYACUCHO,SUCRE,SANTIAGO DE PAUCARAY,-14.044444,-73.6375
AYACUCHO,SUCRE,SORAS,-14.114444,-73.604444
AYACUCHO,VICTOR FAJARDO,HUANCAPI,-13.752222,-74.066667
AYACUCHO,VICTOR FAJARDO,ALCAMENCA,-13.657222,-74.147222
AYACUCHO,VICTOR FAJARDO,APONGO,-14.013333,-73.932222
AYACUCHO,VICTOR FAJARDO,ASQUIPATA,-14.054722,-73.909444
AYACUCHO,VICTOR FAJARDO,CANARIA,-13.923056,-73.904722
AYACUCHO,VICTOR FAJARDO,CAYARA,-13.795278,-73.988611
AYACUCHO,VICTOR FAJARDO,COLCA,-13.7125,-74.033889
AYACUCHO,VICTOR FAJARDO,HUAMANQUIQUIA,-13.729167,-74.272222
AYACUCHO,VICTOR FAJARDO,HUANCARAYLLA,-13.718889,-74.1025
AYACUCHO,VICTOR FAJARDO,HUAYA,-13.85,-73.950833
AYACUCHO,VICTOR FAJARDO,SARHUA,-13.672778,-74.320278
AYACUCHO,VICTOR FAJARDO,VILCANCHOS,-13.611389,-74.5325
AYACUCHO,VILCAS HUAMAN,VILCAS HUAMAN,-13.6525,-73.953889
AYACUCHO,VILCAS HUAMAN,ACCOMARCA,-13.800556,-73.904167
AYACUCHO,VILCAS HUAMAN,CARHUANCA,-13.7425,-73.787222
AYACUCHO,VILCAS HUAMAN,CONCEPCION,-13.5325,-73.875278
AYACUCHO,VILCAS HUAMAN,HUAMBALPA,-13.750278,-73.931667
AYACUCHO,VILCAS HUAMAN,INDEPENDENCIA,-13.852778,-73.877222
AYACUCHO,VILCAS HUAMAN,SAURAMA,-13.695556,-73.759444
AYACUCHO,VILCAS HUAMAN,VISCHONGO,-13.589167,-73.995278
CAJAMARCA,CAJAMARCA,CAJAMARCA,-7.154722,-78.510833
CAJAMARCA,CAJAMARCA,ASUNCION,-7.324722,-78.518611
CAJAMARCA,CAJAMARCA,CHETILLA,-7.146944,-78.673333
CAJAMARCA,CAJAMARCA,COSPAN,-7.427222,-78.542222
CAJAMARCA,CAJAMARCA,ENCAÑADA,-7.086944,-78.344444
CAJAMARCA,CAJAMARCA,JESUS,-7.248611,-78.379167
CAJAMARCA,CAJAMARCA,LLACANORA,-7.193611,-78.426667
CAJAMARCA,CAJAMARCA,LOS BAÑOS DEL INCA,-7.163611,-78.464444
CAJAMARCA,CAJAMARCA,MAGDALENA,-7.250833,-78.659722
CAJAMARCA,CAJAMARCA,MATARA,-7.254722,-78.259722
CAJAMARCA,CAJAMARCA,NAMORA,-7.202778,-78.324722
CAJAMARCA,CAJAMARCA,SAN JUAN,-7.291667,-78.4975
CAJAMARCA,CAJABAMBA,CAJABAMBA,-7.623056,-78.046111
CAJAMARCA,CAJABAMBA,CACHACHI,-7.448889,-78.268889
CAJAMARCA,CAJABAMBA,CONDEBAMBA,-7.573611,-78.069722
CAJAMARCA,CAJABAMBA,SITACOCHA,-7.519444,-77.969444
CAJAMARCA,CELENDIN,CELENDIN,-6.866944,-78.143056
CAJAMARCA,CELENDIN,CHUMUCH,-6.602778,-78.200278
CAJAMARCA,CELENDIN,CORTEGANA,-6.513056,-78.328889
CAJAMARCA,CELENDIN,HUASMIN,-6.8375,-78.244722
CAJAMARCA,CELENDIN,JORGE CHAVEZ,-6.941111,-78.091667
CAJAMARCA,CELENDIN,JOSE GALVEZ,-6.925556,-78.132778
CAJAMARCA,CELENDIN,MIGUEL IGLESIAS,-6.650278,-78.2325
CAJAMARCA,CELENDIN,OXAMARCA,-7.042222,-78.068333
CAJAMARCA,CELENDIN,SOROCHUCO,-6.911944,-78.255278
CAJAMARCA,CELENDIN,SUCRE,-6.942778,-78.135278
CAJAMARCA,CELENDIN,UTCO,-6.896389,-78.063333
CAJAMARCA,CELENDIN,LA LIBERTAD DE PALLAN,-6.723889,-78.2825
CAJAMARCA,CHOTA,CHOTA,-6.559722,-78.646944
CAJAMARCA,CHOTA,ANGUIA,-6.341944,-78.605278
CAJAMARCA,CHOTA,CHADIN,-6.471389,-78.419444
CAJAMARCA,CHOTA,CHIGUIRIP,-6.428333,-78.721389
CAJAMARCA,CHOTA,CHIMBAN,-6.251667,-78.478889
CAJAMARCA,CHOTA,CHOROPAMPA,-6.371111,-78.411944
CAJAMARCA,CHOTA,COCHABAMBA,-6.473889,-78.885833
CAJAMARCA,CHOTA,CONCHAN,-6.444722,-78.655833
CAJAMARCA,CHOTA,HUAMBOS,-6.452778,-78.961111
CAJAMARCA,CHOTA,LAJAS,-6.560556,-78.734722
CAJAMARCA,CHOTA,LLAMA,-6.514444,-79.120278
CAJAMARCA,CHOTA,MIRACOSTA,-6.404444,-79.283611
CAJAMARCA,CHOTA,PACCHA,-6.4975,-78.423611
CAJAMARCA,CHOTA,PION,-6.177778,-78.4825
CAJAMARCA,CHOTA,QUEROCOTO,-6.359722,-79.034444
CAJAMARCA,CHOTA,SAN JUAN DE LICUPIS,-6.424167,-79.242222
CAJAMARCA,CHOTA,TACABAMBA,-6.392778,-78.611389
CAJAMARCA,CHOTA,TOCMOCHE,-6.412778,-79.360833
CAJAMARCA,CHOTA,CHALAMARCA,-6.503056,-78.479722
CAJAMARCA,CONTUMAZA,CONTUMAZA,-7.366667,-78.805278
CAJAMARCA,CONTUMAZA,CHILETE,-7.221389,-78.839722
CAJAMARCA,CONTUMAZA,CUPISNIQUE,-7.348889,-79.029722
CAJAMARCA,CONTUMAZA,GUZMANGO,-7.383889,-78.896111
CAJAMARCA,CONTUMAZA,SAN BENITO,-7.425,-78.9275
CAJAMARCA,CONTUMAZA,SANTA CRUZ DE TOLEDO,-7.344444,-78.836667
CAJAMARCA,CONTUMAZA,TANTARICA,-7.300556,-78.933056
CAJAMARCA,CONTUMAZA,YONAN,-7.253056,-79.131111
CAJAMARCA,CUTERVO,CUTERVO,-6.377222,-78.818056
CAJAMARCA,CUTERVO,CALLAYUC,-6.181111,-78.910556
CAJAMARCA,CUTERVO,CHOROS,-5.9,-78.693889
CAJAMARCA,CUTERVO,CUJILLO,-6.106944,-78.573889
CAJAMARCA,CUTERVO,LA RAMADA,-6.253333,-78.575556
CAJAMARCA,CUTERVO,PIMPINGOS,-6.061944,-78.758611
CAJAMARCA,CUTERVO,QUEROCOTILLO,-6.273611,-79.037778
CAJAMARCA,CUTERVO,SAN ANDRES DE CUTERVO,-6.238889,-78.712778
CAJAMARCA,CUTERVO,SAN JUAN DE CUTERVO,-6.163056,-78.598056
CAJAMARCA,CUTERVO,SAN LUIS DE LUCMA,-6.293889,-78.603611
CAJAMARCA,CUTERVO,SANTA CRUZ,-6.095,-78.852778
CAJAMARCA,CUTERVO,SANTO DOMINGO DE LA CAPILLA,-6.244722,-78.855278
CAJAMARCA,CUTERVO,SANTO TOMAS,-6.151389,-78.681944
CAJAMARCA,CUTERVO,SOCOTA,-6.315278,-78.699444
CAJAMARCA,CUTERVO,TORIBIO CASANOVA,-6.004167,-78.698333
CAJAMARCA,HUALGAYOC,BAMBAMARCA,-6.679722,-78.518889
CAJAMARCA,HUALGAYOC,CHUGUR,-6.670833,-78.738333
CAJAMARCA,HUALGAYOC,HUALGAYOC,-6.764722,-78.608056
CAJAMARCA,JAEN,JAEN,-5.708889,-78.809167
CAJAMARCA,JAEN,BELLAVISTA,-5.667778,-78.677222
CAJAMARCA,JAEN,CHONTALI,-5.646111,-79.088333
CAJAMARCA,JAEN,COLASAY,-5.978611,-79.068611
CAJAMARCA,JAEN,HUABAL,-5.6125,-78.899722
CAJAMARCA,JAEN,LAS PIRIAS,-5.627222,-78.852778
CAJAMARCA,JAEN,POMAHUACA,-5.931389,-79.229444
CAJAMARCA,JAEN,PUCARA,-6.041389,-79.128333
CAJAMARCA,JAEN,SALLIQUE,-5.658056,-79.315278
CAJAMARCA,JAEN,SAN FELIPE,-5.770278,-79.313889
CAJAMARCA,JAEN,SAN JOSE DEL ALTO,-5.465,-79.017778
CAJAMARCA,JAEN,SANTA ROSA,-5.434167,-78.566667
CAJAMARCA,SAN IGNACIO,SAN IGNACIO,-5.146111,-79.004722
CAJAMARCA,SAN IGNACIO,CHIRINOS,-5.305833,-78.898333
CAJAMARCA,SAN IGNACIO,HUARANGO,-5.272222,-78.775833
CAJAMARCA,SAN IGNACIO,LA COIPA,-5.392778,-78.906389
CAJAMARCA,SAN IGNACIO,NAMBALLE,-5.004167,-79.087222
CAJAMARCA,SAN IGNACIO,SAN JOSE DE LOURDES,-5.103056,-78.914167
CAJAMARCA,SAN IGNACIO,TABACONAS,-5.316111,-79.283333
CAJAMARCA,SAN MARCOS,PEDRO GALVEZ,-7.335833,-78.17
CAJAMARCA,SAN MARCOS,CHANCAY,-7.388056,-78.123333
CAJAMARCA,SAN MARCOS,EDUARDO VILLANUEVA,-7.464444,-78.13
CAJAMARCA,SAN MARCOS,GREGORIO PITA,-7.273611,-78.16
CAJAMARCA,SAN MARCOS,ICHOCAN,-7.368889,-78.129722
CAJAMARCA,SAN MARCOS,JOSE MANUEL QUIROZ,-7.349444,-78.047778
CAJAMARCA,SAN MARCOS,JOSE SABOGAL,-7.251111,-78.036667
CAJAMARCA,SAN MIGUEL,SAN MIGUEL,-7.0,-78.85
CAJAMARCA,SAN MIGUEL,BOLIVAR,-6.976944,-79.178056
CAJAMARCA,SAN MIGUEL,CALQUIS,-6.980278,-78.85
CAJAMARCA,SAN MIGUEL,CATILLUC,-6.801667,-78.779167
CAJAMARCA,SAN MIGUEL,EL PRADO,-7.033611,-79.010833
CAJAMARCA,SAN MIGUEL,LA FLORIDA,-6.868611,-79.125833
CAJAMARCA,SAN MIGUEL,LLAPA,-6.980833,-78.8075
CAJAMARCA,SAN MIGUEL,NANCHOC,-6.959444,-79.2425
CAJAMARCA,SAN MIGUEL,NIEPOS,-6.926667,-79.13
CAJAMARCA,SAN MIGUEL,SAN GREGORIO,-7.056944,-79.095278
CAJAMARCA,SAN MIGUEL,SAN SILVESTRE DE COCHAN,-6.9775,-78.773889
CAJAMARCA,SAN MIGUEL,TONGOD,-6.7575,-78.825
CAJAMARCA,SAN MIGUEL,UNION AGUA BLANCA,-7.046667,-79.060556
CAJAMARCA,SAN PABLO,SAN PABLO,-7.118611,-78.823333
CAJAMARCA,SAN PABLO,SAN BERNARDINO,-7.168056,-78.829167
CAJAMARCA,SAN PABLO,SAN LUIS,-7.156944,-78.868056
CAJAMARCA,SAN PABLO,TUMBADEN,-7.025278,-78.739722
CAJAMARCA,SANTA CRUZ,SANTA CRUZ,-6.625833,-78.944167
CAJAMARCA,SANTA CRUZ,ANDABAMBA,-6.662778,-78.816944
CAJAMARCA,SANTA CRUZ,CATACHE,-6.673611,-79.032778
CAJAMARCA,SANTA CRUZ,CHANCAYBAÑOS,-6.576111,-78.8675
CAJAMARCA,SANTA CRUZ,LA ESPERANZA,-6.5925,-78.895833
CAJAMARCA,SANTA CRUZ,NINABAMBA,-6.649722,-78.7875
CAJAMARCA,SANTA CRUZ,PULAN,-6.738889,-78.920278
CAJAMARCA,SANTA CRUZ,SAUCEPAMPA,-6.691389,-78.916111
CAJAMARCA,SANTA CRUZ,SEXI,-6.564167,-79.051389
CAJAMARCA,SANTA CRUZ,UTICYACU,-6.606667,-78.793889
CAJAMARCA,SANTA CRUZ,YAUYUCAN,-6.677222,-78.818611
CALLAO,CALLAO,CALLAO,-12.063056,-77.146944
CALLAO,CALLAO,BELLAVISTA,-12.0625,-77.129167
CALLAO,CALLAO,CARMEN DE LA LEGUA REYNOSO,-12.039444,-77.090278
CALLAO,CALLAO,LA PERLA,-12.065833,-77.108056
CALLAO,CALLAO,LA PUNTA,-12.072778,-77.163333
CALLAO,CALLAO,VENTANILLA,-11.877222,-77.127778
CALLAO,CALLAO,MI PERU,-11.855,-77.125
CUSCO,CUSCO,CUSCO,-13.519167,-71.976667
CUSCO,CUSCO,CCORCA,-13.584722,-72.059167
CUSCO,CUSCO,POROY,-13.494444,-72.044722
CUSCO,CUSCO,SAN JERONIMO,-13.544444,-71.883611
CUSCO,CUSCO,SAN SEBASTIAN,-13.530278,-71.936944
CUSCO,CUSCO,SANTIAGO,-13.525833,-71.983056
CUSCO,CUSCO,SAYLLA,-13.57,-71.827778
CUSCO,CUSCO,WANCHAQ,-13.521389,-71.966667
CUSCO,ACOMAYO,ACOMAYO,-13.919444,-71.683611
CUSCO,ACOMAYO,ACOPIA,-14.0575,-71.493333
CUSCO,ACOMAYO,ACOS,-13.951111,-71.738056
CUSCO,ACOMAYO,MOSOC LLACTA,-14.120278,-71.473056
CUSCO,ACOMAYO,POMACANCHI,-14.033611,-71.574167
CUSCO,ACOMAYO,RONDOCAN,-13.779444,-71.781944
CUSCO,ACOMAYO,SANGARARA,-13.947222,-71.603333
CUSCO,ANTA,ANTA,-13.457778,-72.1475
CUSCO,ANTA,ANCAHUASI,-13.457222,-72.300833
CUSCO,ANTA,CACHIMAYO,-13.477778,-72.068889
CUSCO,ANTA,CHINCHAYPUJIO,-13.629722,-72.233056
CUSCO,ANTA,HUAROCONDO,-13.415833,-72.2075
CUSCO,ANTA,LIMATAMBO,-13.479722,-72.442778
CUSCO,ANTA,MOLLEPATA,-13.509167,-72.527778
CUSCO,ANTA,PUCYURA,-13.478889,-72.111111
CUSCO,ANTA,ZURITE,-13.455833,-72.255833
CUSCO,CALCA,CALCA,-13.321111,-71.955556
CUSCO,CALCA,COYA,-13.386389,-71.898333
CUSCO,CALCA,LAMAY,-13.364444,-71.920833
CUSCO,CALCA,LARES,-13.104167,-72.044722
CUSCO,CALCA,PISAC,-13.420556,-71.850556
CUSCO,CALCA,SAN SALVADOR,-13.491944,-71.778611
CUSCO,CALCA,TARAY,-13.427778,-71.866944
CUSCO,CALCA,YANATILE,-12.681667,-72.277222
CUSCO,CANAS,YANAOCA,-14.216667,-71.432222
CUSCO,CANAS,CHECCA,-14.473333,-71.394722
CUSCO,CANAS,KUNTURKANKI,-14.534722,-71.306944
CUSCO,CANAS,LANGUI,-14.432222,-71.272778
CUSCO,CANAS,LAYO,-14.494167,-71.155556
CUSCO,CANAS,PAMPAMARCA,-14.1475,-71.460278
CUSCO,CANAS,QUEHUE,-14.380278,-71.455556
CUSCO,CANAS,TUPAC AMARU,-14.163889,-71.476111
CUSCO,CANCHIS,SICUANI,-14.238056,-71.230833
CUSCO,CANCHIS,CHECACUPE,-14.025278,-71.453889
CUSCO,CANCHIS,COMBAPATA,-14.101944,-71.43
CUSCO,CANCHIS,MARANGANI,-14.356667,-71.168611
CUSCO,CANCHIS,PITUMARCA,-13.980278,-71.4175
CUSCO,CANCHIS,SAN PABLO,-14.202222,-71.315
CUSCO,CANCHIS,SAN PEDRO,-14.186111,-71.343056
CUSCO,CANCHIS,TINTA,-14.145278,-71.407222
CUSCO,CHUMBIVILCAS,SANTO TOMAS,-14.453333,-72.082222
CUSCO,CHUMBIVILCAS,CAPACMARCA,-14.007222,-72.0025
CUSCO,CHUMBIVILCAS,CHAMACA,-14.3025,-71.852222
CUSCO,CHUMBIVILCAS,COLQUEMARCA,-14.285278,-72.04
CUSCO,CHUMBIVILCAS,LIVITACA,-14.312778,-71.689722
CUSCO,CHUMBIVILCAS,LLUSCO,-14.3375,-72.113611
CUSCO,CHUMBIVILCAS,QUIÑOTA,-14.311111,-72.138611
CUSCO,CHUMBIVILCAS,VELILLE,-14.508611,-71.881111
CUSCO,ESPINAR,ESPINAR,-14.793056,-71.413333
CUSCO,ESPINAR,CONDOROMA,-15.300556,-71.138333
CUSCO,ESPINAR,COPORAQUE,-14.800278,-71.531667
CUSCO,ESPINAR,OCORURO,-15.051944,-71.129167
CUSCO,ESPINAR,PALLPATA,-14.890278,-71.21
CUSCO,ESPINAR,PICHIGUA,-14.678056,-71.406389
CUSCO,ESPINAR,SUYCKUTAMBO,-15.008611,-71.643333
CUSCO,ESPINAR,ALTO PICHIGUA,-14.776944,-71.250833
CUSCO,LA CONVENCION,SANTA ANA,-12.862778,-72.693333
CUSCO,LA CONVENCION,ECHARATE,-12.768056,-72.576111
CUSCO,LA CONVENCION,HUAYOPATA,-13.004722,-72.554444
CUSCO,LA CONVENCION,MARANURA,-12.962778,-72.664722
CUSCO,LA CONVENCION,OCOBAMBA,-12.871667,-72.447222
CUSCO,LA CONVENCION,QUELLOUNO,-12.636667,-72.557222
CUSCO,LA CONVENCION,QUIMBIRI,-12.62,-73.789167
CUSCO,LA CONVENCION,SANTA TERESA,-13.130556,-72.593889
CUSCO,LA CONVENCION,VILCABAMBA,-13.063056,-72.934444
CUSCO,LA CONVENCION,PICHARI,-12.519444,-73.829167
CUSCO,LA CONVENCION,INKAWASI,-13.29,-73.265556
CUSCO,LA CONVENCION,VILLA VIRGEN,-13.002778,-73.512778
CUSCO,LA CONVENCION,VILLA KINTIARINA,-12.918889,-73.528333
CUSCO,LA CONVENCION,MEGANTONI,-11.720278,-72.946389
CUSCO,PARURO,PARURO,-13.761667,-71.847778
CUSCO,PARURO,ACCHA,-13.971111,-71.831389
CUSCO,PARURO,CCAPI,-13.853056,-72.0825
CUSCO,PARURO,COLCHA,-13.851944,-71.803333
CUSCO,PARURO,HUANOQUITE,-13.681944,-72.018056
CUSCO,PARURO,OMACHA,-14.069444,-71.738056
CUSCO,PARURO,PACCARITAMBO,-13.756389,-71.956667
CUSCO,PARURO,PILLPINTO,-13.953611,-71.760556
CUSCO,PARURO,YAURISQUE,-13.665278,-71.920556
CUSCO,PAUCARTAMBO,PAUCARTAMBO,-13.317778,-71.596667
CUSCO,PAUCARTAMBO,CAICAY,-13.597222,-71.696667
CUSCO,PAUCARTAMBO,CHALLABAMBA,-13.215,-71.648611
CUSCO,PAUCARTAMBO,COLQUEPATA,-13.360278,-71.673611
CUSCO,PAUCARTAMBO,HUANCARANI,-13.503333,-71.654444
CUSCO,PAUCARTAMBO,KOSÑIPATA,-12.909444,-71.403333
CUSCO,QUISPICANCHI,URCOS,-13.687778,-71.625278
CUSCO,QUISPICANCHI,ANDAHUAYLILLAS,-13.673333,-71.677778
CUSCO,QUISPICANCHI,CAMANTI,-13.231389,-70.754444
CUSCO,QUISPICANCHI,CCARHUAYO,-13.595278,-71.399722
CUSCO,QUISPICANCHI,CCATCA,-13.605278,-71.563611
CUSCO,QUISPICANCHI,CUSIPATA,-13.906944,-71.5025
CUSCO,QUISPICANCHI,HUARO,-13.690278,-71.640278
CUSCO,QUISPICANCHI,LUCRE,-13.633889,-71.736667
CUSCO,QUISPICANCHI,MARCAPATA,-13.591667,-70.975
CUSCO,QUISPICANCHI,OCONGATE,-13.626667,-71.388333
CUSCO,QUISPICANCHI,OROPESA,-13.594444,-71.763056
CUSCO,QUISPICANCHI,QUIQUIJANA,-13.8225,-71.5425
CUSCO,URUBAMBA,URUBAMBA,-13.305556,-72.116111
CUSCO,URUBAMBA,CHINCHERO,-13.391944,-72.048889
CUSCO,URUBAMBA,HUAYLLABAMBA,-13.338056,-72.065
CUSCO,URUBAMBA,MACHUPICCHU,-13.154167,-72.525556
CUSCO,URUBAMBA,MARAS,-13.3325,-72.156389
CUSCO,URUBAMBA,OLLANTAYTAMBO,-13.258889,-72.263333
CUSCO,URUBAMBA,YUCAY,-13.321667,-72.083889
HUANCAVELICA,HUANCAVELICA,HUANCAVELICA,-12.786944,-74.971389
HUANCAVELICA,HUANCAVELICA,ACOBAMBILLA,-12.664444,-75.324167
HUANCAVELICA,HUANCAVELICA,ACORIA,-12.6425,-74.861667
HUANCAVELICA,HUANCAVELICA,CONAYCA,-12.52,-75.006667
HUANCAVELICA,HUANCAVELICA,CUENCA,-12.433056,-75.038889
HUANCAVELICA,HUANCAVELICA,HUACHOCOLPA,-13.031944,-74.946944
HUANCAVELICA,HUANCAVELICA,HUAYLLAHUARA,-12.409167,-75.178333
HUANCAVELICA,HUANCAVELICA,IZCUCHACA,-12.5,-74.997778
HUANCAVELICA,HUANCAVELICA,LARIA,-12.561111,-75.036944
HUANCAVELICA,HUANCAVELICA,MANTA,-12.620556,-75.211111
HUANCAVELICA,HUANCAVELICA,MARISCAL CACERES,-12.534444,-74.9325
HUANCAVELICA,HUANCAVELICA,MOYA,-12.423333,-75.153889
HUANCAVELICA,HUANCAVELICA,NUEVO OCCORO,-12.595,-75.019722
HUANCAVELICA,HUANCAVELICA,PALCA,-12.656944,-74.980278
HUANCAVELICA,HUANCAVELICA,PILCHACA,-12.401389,-75.083889
HUANCAVELICA,HUANCAVELICA,VILCA,-12.477222,-75.183333
HUANCAVELICA,HUANCAVELICA,YAULI,-12.769167,-74.850833
HUANCAVELICA,HUANCAVELICA,ASCENSION,-12.785278,-74.976944
HUANCAVELICA,HUANCAVELICA,HUANDO,-12.564167,-74.947778
HUANCAVELICA,ACOBAMBA,ACOBAMBA,-12.843056,-74.569167
HUANCAVELICA,ACOBAMBA,ANDABAMBA,-12.693611,-74.623333
HUANCAVELICA,ACOBAMBA,ANTA,-12.812222,-74.638333
HUANCAVELICA,ACOBAMBA,CAJA,-12.917222,-74.465833
HUANCAVELICA,ACOBAMBA,MARCAS,-12.890278,-74.398056
HUANCAVELICA,ACOBAMBA,PAUCARA,-12.729722,-74.666389
HUANCAVELICA,ACOBAMBA,POMACOCHA,-12.873889,-74.531667
HUANCAVELICA,ACOBAMBA,ROSARIO,-12.720833,-74.5825
HUANCAVELICA,ANGARAES,LIRCAY,-12.982778,-74.718333
HUANCAVELICA,ANGARAES,ANCHONGA,-12.913056,-74.691389
HUANCAVELICA,ANGARAES,CALLANMARCA,-12.866667,-74.623333
HUANCAVELICA,ANGARAES,CCOCHACCASA,-12.925278,-74.770278
HUANCAVELICA,ANGARAES,CHINCHO,-12.972778,-74.367222
HUANCAVELICA,ANGARAES,CONGALLA,-12.955833,-74.492222
HUANCAVELICA,ANGARAES,HUANCA-HUANCA,-12.918611,-74.61
HUANCAVELICA,ANGARAES,HUAYLLAY GRANDE,-12.942778,-74.701667
HUANCAVELICA,ANGARAES,JULCAMARCA,-13.014722,-74.444444
HUANCAVELICA,ANGARAES,SAN ANTONIO DE ANTAPARCO,-13.076111,-74.411667
HUANCAVELICA,ANGARAES,SANTO TOMAS DE PATA,-13.113056,-74.418889
HUANCAVELICA,ANGARAES,SECCLLA,-13.051111,-74.483611
HUANCAVELICA,CASTROVIRREYNA,CASTROVIRREYNA,-13.283333,-75.318333
HUANCAVELICA,CASTROVIRREYNA,ARMA,-13.126389,-75.541944
HUANCAVELICA,CASTROVIRREYNA,AURAHUA,-13.034722,-75.570278
HUANCAVELICA,CASTROVIRREYNA,CAPILLAS,-13.293056,-75.5425
HUANCAVELICA,CASTROVIRREYNA,CHUPAMARCA,-13.037222,-75.608333
HUANCAVELICA,CASTROVIRREYNA,COCAS,-13.275833,-75.372778
HUANCAVELICA,CASTROVIRREYNA,HUACHOS,-13.219722,-75.533889
HUANCAVELICA,CASTROVIRREYNA,HUAMATAMBO,-13.094444,-75.677222
HUANCAVELICA,CASTROVIRREYNA,MOLLEPAMPA,-13.311389,-75.41
HUANCAVELICA,CASTROVIRREYNA,SAN JUAN,-13.203889,-75.634444
HUANCAVELICA,CASTROVIRREYNA,SANTA ANA,-13.071944,-75.140278
HUANCAVELICA,CASTROVIRREYNA,TANTARA,-13.074167,-75.644722
HUANCAVELICA,CASTROVIRREYNA,TICRAPO,-13.3825,-75.4325
HUANCAVELICA,CHURCAMPA,CHURCAMPA,-12.739167,-74.387222
HUANCAVELICA,CHURCAMPA,ANCO,-12.6825,-74.587222
HUANCAVELICA,CHURCAMPA,CHINCHIHUASI,-12.516944,-74.545833
HUANCAVELICA,CHURCAMPA,EL CARMEN,-12.726944,-74.480833
HUANCAVELICA,CHURCAMPA,LA MERCED,-12.788056,-74.358611
HUANCAVELICA,CHURCAMPA,LOCROJA,-12.740278,-74.441944
HUANCAVELICA,CHURCAMPA,PAUCARBAMBA,-12.553889,-74.531944
HUANCAVELICA,CHURCAMPA,SAN MIGUEL DE MAYOCC,-12.805833,-74.39
HUANCAVELICA,CHURCAMPA,SAN PEDRO DE CORIS,-12.578056,-74.411667
HUANCAVELICA,CHURCAMPA,PACHAMARCA,-12.515556,-74.526667
HUANCAVELICA,CHURCAMPA,COSME,-12.573333,-74.658333
HUANCAVELICA,HUAYTARA,HUAYTARA,-13.604722,-75.353056
HUANCAVELICA,HUAYTARA,AYAVI,-13.703056,-75.351111
HUANCAVELICA,HUAYTARA,CORDOVA,-14.040833,-75.185
HUANCAVELICA,HUAYTARA,HUAYACUNDO ARMA,-13.534167,-75.314444
HUANCAVELICA,HUAYTARA,LARAMARCA,-13.948611,-75.035556
HUANCAVELICA,HUAYTARA,OCOYO,-14.008056,-75.0225
HUANCAVELICA,HUAYTARA,PILPICHACA,-13.330278,-74.977222
HUANCAVELICA,HUAYTARA,QUERCO,-13.979444,-74.976944
HUANCAVELICA,HUAYTARA,QUITO-ARMA,-13.528611,-75.3275
HUANCAVELICA,HUAYTARA,SAN ANTONIO DE CUSICANCHA,-13.5025,-75.293333
HUANCAVELICA,HUAYTARA,SAN FRANCISCO DE SANGAYAICO,-13.795278,-75.249167
HUANCAVELICA,HUAYTARA,SAN ISIDRO,-13.956389,-75.238056
HUANCAVELICA,HUAYTARA,SANTIAGO DE CHOCORVOS,-13.825278,-75.2575
HUANCAVELICA,HUAYTARA,SANTIAGO DE QUIRAHUARA,-14.056111,-74.976389
HUANCAVELICA,HUAYTARA,SANTO DOMINGO DE CAPILLAS,-13.737222,-75.243611
HUANCAVELICA,HUAYTARA,TAMBO,-13.689444,-75.275
HUANCAVELICA,TAYACAJA,PAMPAS,-12.399167,-74.868333
HUANCAVELICA,TAYACAJA,ACOSTAMBO,-12.365556,-75.055
HUANCAVELICA,TAYACAJA,ACRAQUIA,-12.406389,-74.901111
HUANCAVELICA,TAYACAJA,AHUAYCHA,-12.407778,-74.891111
HUANCAVELICA,TAYACAJA,COLCABAMBA,-12.409167,-74.679444
HUANCAVELICA,TAYACAJA,DANIEL HERNANDEZ,-12.389444,-74.859167
HUANCAVELICA,TAYACAJA,HUACHOCOLPA,-12.048333,-74.594722
HUANCAVELICA,TAYACAJA,HUARIBAMBA,-12.279722,-74.938333
HUANCAVELICA,TAYACAJA,ÑAHUIMPUQUIO,-12.329167,-75.069444
HUANCAVELICA,TAYACAJA,PAZOS,-12.259444,-75.070556
HUANCAVELICA,TAYACAJA,QUISHUAR,-12.243611,-74.777222
HUANCAVELICA,TAYACAJA,SALCABAMBA,-12.201667,-74.780556
HUANCAVELICA,TAYACAJA,SALCAHUASI,-12.104167,-74.751667
HUANCAVELICA,TAYACAJA,SAN MARCOS DE ROCCHAC,-12.093889,-74.863889
HUANCAVELICA,TAYACAJA,SURCUBAMBA,-12.116389,-74.630556
HUANCAVELICA,TAYACAJA,TINTAY PUNCU,-12.151944,-74.544444
HUANCAVELICA,TAYACAJA,QUICHUAS,-12.4725,-74.7675
HUANCAVELICA,TAYACAJA,ANDAYMARCA,-12.315278,-74.635278
HUANCAVELICA,TAYACAJA,ROBLE,-12.216667,-74.489722
HUANCAVELICA,TAYACAJA,PICHOS,-12.236389,-74.938611
HUANCAVELICA,TAYACAJA,SANTIAGO DE TUCUMA,-12.314167,-74.89
HUANUCO,HUANUCO,HUANUCO,-9.93,-76.239722
HUANUCO,HUANUCO,AMARILIS,-9.94,-76.240556
HUANUCO,HUANUCO,CHINCHAO,-9.801667,-76.070833
HUANUCO,HUANUCO,CHURUBAMBA,-9.826111,-76.133889
HUANUCO,HUANUCO,MARGOS,-10.005278,-76.523333
HUANUCO,HUANUCO,QUISQUI,-9.904722,-76.3925
HUANUCO,HUANUCO,SAN FRANCISCO DE CAYRAN,-9.980833,-76.284167
HUANUCO,HUANUCO,SAN PEDRO DE CHAULAN,-10.056389,-76.485556
HUANUCO,HUANUCO,SANTA MARIA DEL VALLE,-9.8625,-76.17
HUANUCO,HUANUCO,YARUMAYO,-10.004444,-76.468611
HUANUCO,HUANUCO,PILLCO MARCA,-9.960833,-76.249167
HUANUCO,HUANUCO,YACUS,-9.986111,-76.505833
HUANUCO,HUANUCO,SAN PABLO DE PILLAO,-9.786389,-75.999444
HUANUCO,AMBO,AMBO,-10.129167,-76.204444
HUANUCO,AMBO,CAYNA,-10.2725,-76.388333
HUANUCO,AMBO,COLPAS,-10.268333,-76.415278
HUANUCO,AMBO,CONCHAMARCA,-10.035833,-76.216944
HUANUCO,AMBO,HUACAR,-10.159444,-76.236667
HUANUCO,AMBO,SAN FRANCISCO,-10.342778,-76.291944
HUANUCO,AMBO,SAN RAFAEL,-10.337778,-76.182222
HUANUCO,AMBO,TOMAY KICHWA,-10.0775,-76.2125
HUANUCO,DOS DE MAYO,LA UNION,-9.837778,-76.803611
HUANUCO,DOS DE MAYO,CHUQUIS,-9.676389,-76.705278
HUANUCO,DOS DE MAYO,MARIAS,-9.6075,-76.706667
HUANUCO,DOS DE MAYO,PACHAS,-9.706667,-76.771111
HUANUCO,DOS DE MAYO,QUIVILLA,-9.6,-76.725833
HUANUCO,DOS DE MAYO,RIPAN,-9.828611,-76.803056
HUANUCO,DOS DE MAYO,SHUNQUI,-9.731111,-76.783333
HUANUCO,DOS DE MAYO,SILLAPATA,-9.757222,-76.774722
HUANUCO,DOS DE MAYO,YANAS,-9.714444,-76.750278
HUANUCO,HUACAYBAMBA,HUACAYBAMBA,-9.038056,-76.9525
HUANUCO,HUACAYBAMBA,CANCHABAMBA,-8.884722,-77.123056
HUANUCO,HUACAYBAMBA,COCHABAMBA,-9.095278,-76.836389
HUANUCO,HUACAYBAMBA,PINRA,-8.924722,-77.015
HUANUCO,HUAMALIES,LLATA,-9.549722,-76.818611
HUANUCO,HUAMALIES,ARANCAY,-9.171389,-76.751389
HUANUCO,HUAMALIES,CHAVIN DE PARIARCA,-9.423056,-76.771389
HUANUCO,HUAMALIES,JACAS GRANDE,-9.54,-76.736667
HUANUCO,HUAMALIES,JIRCAN,-9.246944,-76.719167
HUANUCO,HUAMALIES,MIRAFLORES,-9.493889,-76.818611
HUANUCO,HUAMALIES,MONZON,-9.28,-76.396667
HUANUCO,HUAMALIES,PUNCHAO,-9.462222,-76.819722
HUANUCO,HUAMALIES,PUÑOS,-9.500556,-76.883889
HUANUCO,HUAMALIES,SINGA,-9.388611,-76.8125
HUANUCO,HUAMALIES,TANTAMAYO,-9.3925,-76.72
HUANUCO,LEONCIO PRADO,RUPA-RUPA,-9.298056,-76.000556
HUANUCO,LEONCIO PRADO,DANIEL ALOMIAS ROBLES,-9.187778,-75.954722
HUANUCO,LEONCIO PRADO,HERMILIO VALDIZAN,-9.205556,-75.835833
HUANUCO,LEONCIO PRADO,JOSE CRESPO Y CASTILLO,-8.932222,-76.116111
HUANUCO,LEONCIO PRADO,LUYANDO,-9.248056,-75.994167
HUANUCO,LEONCIO PRADO,MARIANO DAMASO BERAUN,-9.442778,-75.971111
HUANUCO,LEONCIO PRADO,PUCAYACU,-8.749722,-76.121111
HUANUCO,LEONCIO PRADO,CASTILLO GRANDE,-9.279722,-76.008889
HUANUCO,LEONCIO PRADO,PUEBLO NUEVO,-9.078611,-76.060556
HUANUCO,LEONCIO PRADO,SANTO DOMINGO DE ANDA,-9.023611,-76.066667
HUANUCO,MARAÑON,HUACRACHUCO,-8.604722,-77.149167
HUANUCO,MARAÑON,CHOLON,-8.655833,-76.875278
HUANUCO,MARAÑON,SAN BUENAVENTURA,-8.767778,-77.186111
HUANUCO,MARAÑON,LA MORADA,-8.794444,-76.249722
HUANUCO,MARAÑON,SANTA ROSA DE ALTO YANAJANCA,-8.652778,-76.314722
HUANUCO,PACHITEA,PANAO,-9.8975,-75.994167
HUANUCO,PACHITEA,CHAGLLA,-9.844722,-75.902778
HUANUCO,PACHITEA,MOLINO,-9.910833,-76.016667
HUANUCO,PACHITEA,UMARI,-9.864167,-76.044444
HUANUCO,PUERTO INCA,PUERTO INCA,-9.378889,-74.965833
HUANUCO,PUERTO INCA,CODO DEL POZUZO,-9.67,-75.4625
HUANUCO,PUERTO INCA,HONORIA,-8.769444,-74.709167
HUANUCO,PUERTO INCA,TOURNAVISTA,-8.934444,-74.701389
HUANUCO,PUERTO INCA,YUYAPICHIS,-9.628333,-74.974722
HUANUCO,LAURICOCHA,JESUS,-10.078333,-76.631389
HUANUCO,LAURICOCHA,BAÑOS,-10.076389,-76.735556
HUANUCO,LAURICOCHA,JIVIA,-10.023333,-76.680278
HUANUCO,LAURICOCHA,QUEROPALCA,-10.181389,-76.803056
HUANUCO,LAURICOCHA,RONDOS,-9.984444,-76.688333
HUANUCO,LAURICOCHA,SAN FRANCISCO DE ASIS,-9.976389,-76.676944
HUANUCO,LAURICOCHA,SAN MIGUEL DE CAURI,-10.1425,-76.625556
HUANUCO,YAROWILCA,CHAVINILLO,-9.858889,-76.608889
HUANUCO,YAROWILCA,CAHUAC,-9.852778,-76.630556
HUANUCO,YAROWILCA,CHACABAMBA,-9.900278,-76.611111
HUANUCO,YAROWILCA,APARICIO POMARES,-9.747778,-76.648056
HUANUCO,YAROWILCA,JACAS CHICO,-9.886389,-76.503056
HUANUCO,YAROWILCA,OBAS,-9.795278,-76.665833
HUANUCO,YAROWILCA,PAMPAMARCA,-9.705278,-76.7025
HUANUCO,YAROWILCA,CHORAS,-9.910278,-76.605833
ICA,ICA,ICA,-14.063611,-75.729167
ICA,ICA,LA TINGUIÑA,-14.033333,-75.710556
ICA,ICA,LOS AQUIJES,-14.096389,-75.690556
ICA,ICA,OCUCAJE,-14.346667,-75.672222
ICA,ICA,PACHACUTEC,-14.151944,-75.691944
ICA,ICA,PARCONA,-14.053889,-75.685556
ICA,ICA,PUEBLO NUEVO,-14.127222,-75.705833
ICA,ICA,SALAS,-13.985833,-75.772222
ICA,ICA,SAN JOSE DE LOS MOLINOS,-13.933056,-75.670833
ICA,ICA,SAN JUAN BAUTISTA,-14.011389,-75.735278
ICA,ICA,SANTIAGO,-14.185833,-75.714444
ICA,ICA,SUBTANJALLA,-14.018611,-75.758056
ICA,ICA,TATE,-14.155833,-75.708056
ICA,ICA,YAUCA DEL ROSARIO,-14.098889,-75.476944
ICA,CHINCHA,CHINCHA ALTA,-13.418333,-76.1325
ICA,CHINCHA,ALTO LARAN,-13.4425,-76.083333
ICA,CHINCHA,CHAVIN,-13.076389,-75.913056
ICA,CHINCHA,CHINCHA BAJA,-13.459444,-76.165556
ICA,CHINCHA,EL CARMEN,-13.499444,-76.057778
ICA,CHINCHA,GROCIO PRADO,-13.398056,-76.156111
ICA,CHINCHA,PUEBLO NUEVO,-13.404167,-76.1275
ICA,CHINCHA,SAN JUAN DE YANAC,-13.211111,-75.787222
ICA,CHINCHA,SAN PEDRO DE HUACARPANA,-13.049167,-75.647778
ICA,CHINCHA,SUNAMPE,-13.4275,-76.163611
ICA,CHINCHA,TAMBO DE MORA,-13.460556,-76.176667
ICA,NAZCA,NAZCA,-14.826944,-74.937222
ICA,NAZCA,CHANGUILLO,-14.664722,-75.2225
ICA,NAZCA,EL INGENIO,-14.645278,-75.058333
ICA,NAZCA,MARCONA,-15.361944,-75.165833
ICA,NAZCA,VISTA ALEGRE,-14.845833,-74.943889
ICA,PALPA,PALPA,-14.533889,-75.185
ICA,PALPA,LLIPATA,-14.563333,-75.2075
ICA,PALPA,RIO GRANDE,-14.52,-75.201111
ICA,PALPA,SANTA CRUZ,-14.483333,-75.245556
ICA,PALPA,TIBILLO,-14.093889,-75.171667
ICA,PISCO,PISCO,-13.71,-76.201667
ICA,PISCO,HUANCANO,-13.600833,-75.618611
ICA,PISCO,HUMAY,-13.722778,-75.886667
ICA,PISCO,INDEPENDENCIA,-13.693889,-76.024722
ICA,PISCO,PARACAS,-13.838889,-76.251944
ICA,PISCO,SAN ANDRES,-13.731389,-76.223333
ICA,PISCO,SAN CLEMENTE,-13.680278,-76.156944
ICA,PISCO,TUPAC AMARU INCA,-13.713333,-76.148333
JUNIN,HUANCAYO,HUANCAYO,-12.070833,-75.208889
JUNIN,HUANCAYO,CARHUACALLANGA,-12.355,-75.200556
JUNIN,HUANCAYO,CHACAPAMPA,-12.345,-75.2475
JUNIN,HUANCAYO,CHICCHE,-12.296111,-75.298611
JUNIN,HUANCAYO,CHILCA,-12.086667,-75.208333
JUNIN,HUANCAYO,CHONGOS ALTO,-12.311667,-75.289167
JUNIN,HUANCAYO,CHUPURO,-12.155556,-75.245556
JUNIN,HUANCAYO,COLCA,-12.3175,-75.222222
JUNIN,HUANCAYO,CULLHUAS,-12.220556,-75.166944
JUNIN,HUANCAYO,EL TAMBO,-12.050278,-75.221389
JUNIN,HUANCAYO,HUACRAPUQUIO,-12.171111,-75.220833
JUNIN,HUANCAYO,HUALHUAS,-11.971389,-75.250833
JUNIN,HUANCAYO,HUANCAN,-12.106667,-75.216667
JUNIN,HUANCAYO,HUASICANCHA,-12.332222,-75.281944
JUNIN,HUANCAYO,HUAYUCACHI,-12.138611,-75.223611
JUNIN,HUANCAYO,INGENIO,-11.890556,-75.266389
JUNIN,HUANCAYO,PARIAHUANCA,-11.980278,-74.896667
JUNIN,HUANCAYO,PILCOMAYO,-12.049444,-75.250556
JUNIN,HUANCAYO,PUCARA,-12.1725,-75.145556
JUNIN,HUANCAYO,QUICHUAY,-11.889722,-75.286111
JUNIN,HUANCAYO,QUILCAS,-11.938056,-75.259722
JUNIN,HUANCAYO,SAN AGUSTIN,-11.989722,-75.244167
JUNIN,HUANCAYO,SAN JERONIMO DE TUNAN,-11.949167,-75.282222
JUNIN,HUANCAYO,SAÑO,-11.958889,-75.258611
JUNIN,HUANCAYO,SAPALLANGA,-12.141389,-75.158056
JUNIN,HUANCAYO,SICAYA,-12.014722,-75.28
JUNIN,HUANCAYO,SANTO DOMINGO DE ACOBAMBA,-11.768889,-74.795278
JUNIN,HUANCAYO,VIQUES,-12.159722,-75.231944
JUNIN,CONCEPCION,CONCEPCION,-11.918889,-75.3125
JUNIN,CONCEPCION,ACO,-11.958056,-75.368333
JUNIN,CONCEPCION,ANDAMARCA,-11.728333,-74.801667
JUNIN,CONCEPCION,CHAMBARA,-12.027222,-75.375278
JUNIN,CONCEPCION,COCHAS,-11.66,-75.102222
JUNIN,CONCEPCION,COMAS,-11.717778,-75.081667
JUNIN,CONCEPCION,HEROINAS TOLEDO,-11.835556,-75.290833
JUNIN,CONCEPCION,MANZANARES,-12.016111,-75.345833
JUNIN,CONCEPCION,MARISCAL CASTILLA,-11.619167,-75.09
JUNIN,CONCEPCION,MATAHUASI,-11.893889,-75.344167
JUNIN,CONCEPCION,MITO,-11.937222,-75.339167
JUNIN,CONCEPCION,NUEVE DE JULIO,-11.897778,-75.318056
JUNIN,CONCEPCION,ORCOTUNA,-11.967222,-75.3075
JUNIN,CONCEPCION,SAN JOSE DE QUERO,-12.085556,-75.536389
JUNIN,CONCEPCION,SANTA ROSA DE OCOPA,-11.877222,-75.295
JUNIN,CHANCHAMAYO,CHANCHAMAYO,-11.056667,-75.3275
JUNIN,CHANCHAMAYO,PERENE,-10.9475,-75.224722
JUNIN,CHANCHAMAYO,PICHANAQUI,-10.926389,-74.872778
JUNIN,CHANCHAMAYO,SAN LUIS DE SHUARO,-10.888333,-75.287222
JUNIN,CHANCHAMAYO,SAN RAMON,-11.120556,-75.353056
JUNIN,CHANCHAMAYO,VITOC,-11.210278,-75.334722
JUNIN,JAUJA,JAUJA,-11.775556,-75.500556
JUNIN,JAUJA,ACOLLA,-11.731111,-75.546667
JUNIN,JAUJA,APATA,-11.855278,-75.354444
JUNIN,JAUJA,ATAURA,-11.802778,-75.438889
JUNIN,JAUJA,CANCHAYLLO,-11.802222,-75.718056
JUNIN,JAUJA,CURICACA,-11.785278,-75.675
JUNIN,JAUJA,EL MANTARO,-11.822222,-75.391944
JUNIN,JAUJA,HUAMALI,-11.807222,-75.424167
JUNIN,JAUJA,HUARIPAMPA,-11.807778,-75.471111
JUNIN,JAUJA,HUERTAS,-11.76,-75.469722
JUNIN,JAUJA,JANJAILLO,-11.764444,-75.610278
JUNIN,JAUJA,JULCAN,-11.759167,-75.435278
JUNIN,JAUJA,LEONOR ORDOÑEZ,-11.859444,-75.4175
JUNIN,JAUJA,LLOCLLAPAMPA,-11.8175,-75.623889
JUNIN,JAUJA,MARCO,-11.740556,-75.561111
JUNIN,JAUJA,MASMA,-11.785278,-75.426111
JUNIN,JAUJA,MASMA CHICCHE,-11.786111,-75.381667
JUNIN,JAUJA,MOLINOS,-11.737778,-75.446111
JUNIN,JAUJA,MONOBAMBA,-11.360556,-75.326667
JUNIN,JAUJA,MUQUI,-11.833333,-75.435
JUNIN,JAUJA,MUQUIYAUYO,-11.813889,-75.453889
JUNIN,JAUJA,PACA,-11.709167,-75.518333
JUNIN,JAUJA,PACCHA,-11.853611,-75.506389
JUNIN,JAUJA,PANCAN,-11.748889,-75.486111
JUNIN,JAUJA,PARCO,-11.801111,-75.542778
JUNIN,JAUJA,POMACANCHA,-11.739167,-75.623333
JUNIN,JAUJA,RICRAN,-11.539444,-75.527222
JUNIN,JAUJA,SAN LORENZO,-11.846389,-75.381667
JUNIN,JAUJA,SAN PEDRO DE CHUNAN,-11.725556,-75.486389
JUNIN,JAUJA,SAUSA,-11.793611,-75.484722
JUNIN,JAUJA,SINCOS,-11.891389,-75.386944
JUNIN,JAUJA,TUNAN MARCA,-11.729722,-75.570556
JUNIN,JAUJA,YAULI,-11.715,-75.471944
JUNIN,JAUJA,YAUYOS,-11.780833,-75.499722
JUNIN,JUNIN,JUNIN,-11.161389,-75.998333
JUNIN,JUNIN,CARHUAMAYO,-10.922778,-76.057778
JUNIN,JUNIN,ONDORES,-11.083611,-76.146667
JUNIN,JUNIN,ULCUMAYO,-10.9675,-75.878056
JUNIN,SATIPO,SATIPO,-11.253889,-74.636111
JUNIN,SATIPO,COVIRIALI,-11.291389,-74.6275
JUNIN,SATIPO,LLAYLLA,-11.381111,-74.590278
JUNIN,SATIPO,MAZAMARI,-11.325,-74.530278
JUNIN,SATIPO,PAMPA HERMOSA,-11.404167,-74.751667
JUNIN,SATIPO,PANGOA,-11.428333,-74.488889
JUNIN,SATIPO,RIO NEGRO,-11.208889,-74.659444
JUNIN,SATIPO,RIO TAMBO,-11.1475,-74.306389
JUNIN,SATIPO,VIZCATAN DEL ENE,-12.186111,-74.027222
JUNIN,TARMA,TARMA,-11.42,-75.688056
JUNIN,TARMA,ACOBAMBA,-11.353333,-75.659167
JUNIN,TARMA,HUARICOLCA,-11.511944,-75.652778
JUNIN,TARMA,HUASAHUASI,-11.265,-75.650278
JUNIN,TARMA,LA UNION,-11.377222,-75.751944
JUNIN,TARMA,PALCA,-11.346111,-75.568611
JUNIN,TARMA,PALCAMAYO,-11.295833,-75.772778
JUNIN,TARMA,SAN PEDRO DE CAJAS,-11.249167,-75.862778
JUNIN,TARMA,TAPO,-11.390278,-75.563889
JUNIN,YAULI,LA OROYA,-11.521944,-75.907778
JUNIN,YAULI,CHACAPALPA,-11.732778,-75.755556
JUNIN,YAULI,HUAY-HUAY,-11.7225,-75.905
JUNIN,YAULI,MARCAPOMACOCHA,-11.406667,-76.336111
JUNIN,YAULI,MOROCOCHA,-11.587222,-76.063333
JUNIN,YAULI,PACCHA,-11.473056,-75.960556
JUNIN,YAULI,SANTA BARBARA DE CARHUACAYAN,-11.203889,-76.285556
JUNIN,YAULI,SANTA ROSA DE SACCO,-11.549167,-75.940278
JUNIN,YAULI,SUITUCANCHA,-11.7875,-75.936389
JUNIN,YAULI,YAULI,-11.665833,-76.085833
JUNIN,CHUPACA,CHUPACA,-12.057778,-75.289444
JUNIN,CHUPACA,AHUAC,-12.085833,-75.321111
JUNIN,CHUPACA,CHONGOS BAJO,-12.133889,-75.268056
JUNIN,CHUPACA,HUACHAC,-12.020556,-75.341111
JUNIN,CHUPACA,HUAMANCACA CHICO,-12.080833,-75.242222
JUNIN,CHUPACA,SAN JUAN DE YSCOS,-12.098333,-75.292778
JUNIN,CHUPACA,SAN JUAN DE JARPA,-12.126389,-75.435556
JUNIN,CHUPACA,TRES DE DICIEMBRE,-12.109722,-75.245833
JUNIN,CHUPACA,YANACANCHA,-12.201111,-75.386667
LA LIBERTAD,TRUJILLO,TRUJILLO,-8.1,-79.030556
LA LIBERTAD,TRUJILLO,EL PORVENIR,-8.088056,-78.997778
LA LIBERTAD,TRUJILLO,FLORENCIA DE MORA,-8.082778,-79.023333
LA LIBERTAD,TRUJILLO,HUANCHACO,-8.08,-79.121667
LA LIBERTAD,TRUJILLO,LA ESPERANZA,-8.056111,-79.051667
LA LIBERTAD,TRUJILLO,LAREDO,-8.089722,-78.960278
LA LIBERTAD,TRUJILLO,MOCHE,-8.171389,-79.009167
LA LIBERTAD,TRUJILLO,POROTO,-8.011389,-78.767778
LA LIBERTAD,TRUJILLO,SALAVERRY,-8.224444,-78.976111
LA LIBERTAD,TRUJILLO,SIMBAL,-7.976667,-78.813333
LA LIBERTAD,TRUJILLO,VICTOR LARCO HERRERA,-8.136389,-79.043333
LA LIBERTAD,ASCOPE,ASCOPE,-7.713611,-79.107222
LA LIBERTAD,ASCOPE,CHICAMA,-7.8425,-79.144167
LA LIBERTAD,ASCOPE,CHOCOPE,-7.791389,-79.223056
LA LIBERTAD,ASCOPE,MAGDALENA DE CAO,-7.876389,-79.295833
LA LIBERTAD,ASCOPE,PAIJAN,-7.734722,-79.303333
LA LIBERTAD,ASCOPE,RAZURI,-7.702222,-79.437778
LA LIBERTAD,ASCOPE,SANTIAGO DE CAO,-7.957778,-79.243611
LA LIBERTAD,ASCOPE,CASA GRANDE,-7.745278,-79.188056
LA LIBERTAD,BOLIVAR,BOLIVAR,-7.153889,-77.702222
LA LIBERTAD,BOLIVAR,BAMBAMARCA,-7.439722,-77.693056
LA LIBERTAD,BOLIVAR,CONDORMARCA,-7.546667,-77.599722
LA LIBERTAD,BOLIVAR,LONGOTEA,-7.043889,-77.872222
LA LIBERTAD,BOLIVAR,UCHUMARCA,-7.047222,-77.805556
LA LIBERTAD,BOLIVAR,UCUNCHA,-7.165278,-77.859167
LA LIBERTAD,CHEPEN,CHEPEN,-7.2275,-79.429444
LA LIBERTAD,CHEPEN,PACANGA,-7.171389,-79.485556
LA LIBERTAD,CHEPEN,PUEBLO NUEVO,-7.1825,-79.52
LA LIBERTAD,JULCAN,JULCAN,-8.042778,-78.486389
LA LIBERTAD,JULCAN,CALAMARCA,-8.17,-78.412222
LA LIBERTAD,JULCAN,CARABAMBA,-8.1125,-78.6075
LA LIBERTAD,JULCAN,HUASO,-8.224722,-78.414167
LA LIBERTAD,OTUZCO,OTUZCO,-7.902222,-78.565556
LA LIBERTAD,OTUZCO,AGALLPAMPA,-7.981944,-78.546667
LA LIBERTAD,OTUZCO,CHARAT,-7.823889,-78.448056
LA LIBERTAD,OTUZCO,HUARANCHAL,-7.689722,-78.4425
LA LIBERTAD,OTUZCO,LA CUESTA,-7.918889,-78.704722
LA LIBERTAD,OTUZCO,MACHE,-8.029167,-78.535
LA LIBERTAD,OTUZCO,PARANDAY,-7.885,-78.709444
LA LIBERTAD,OTUZCO,SALPO,-8.003056,-78.604167
LA LIBERTAD,OTUZCO,SINSICAP,-7.851667,-78.754167
LA LIBERTAD,OTUZCO,USQUIL,-7.815278,-78.416667
LA LIBERTAD,PACASMAYO,SAN PEDRO DE LLOC,-7.418333,-79.514722
LA LIBERTAD,PACASMAYO,GUADALUPE,-7.243611,-79.470278
LA LIBERTAD,PACASMAYO,JEQUETEPEQUE,-7.3375,-79.563056
LA LIBERTAD,PACASMAYO,PACASMAYO,-7.401111,-79.572222
LA LIBERTAD,PACASMAYO,SAN JOSE,-7.35,-79.455278
LA LIBERTAD,PATAZ,TAYABAMBA,-8.275,-77.296111
LA LIBERTAD,PATAZ,BULDIBUYO,-8.126944,-77.395278
LA LIBERTAD,PATAZ,CHILLIA,-8.124444,-77.515
LA LIBERTAD,PATAZ,HUANCASPATA,-8.4575,-77.298333
LA LIBERTAD,PATAZ,HUAYLILLAS,-8.187222,-77.343889
LA LIBERTAD,PATAZ,HUAYO,-8.004444,-77.592222
LA LIBERTAD,PATAZ,ONGON,-8.207778,-76.982778
LA LIBERTAD,PATAZ,PARCOY,-8.033333,-77.479722
LA LIBERTAD,PATAZ,PATAZ,-7.785,-77.593889
LA LIBERTAD,PATAZ,PIAS,-7.871944,-77.546667
LA LIBERTAD,PATAZ,SANTIAGO DE CHALLAS,-8.438056,-77.320556
LA LIBERTAD,PATAZ,TAURIJA,-8.307778,-77.423611
LA LIBERTAD,PATAZ,URPAY,-8.347778,-77.389444
LA LIBERTAD,SANCHEZ CARRION,HUAMACHUCO,-7.811111,-78.046667
LA LIBERTAD,SANCHEZ CARRION,CHUGAY,-7.781944,-77.868333
LA LIBERTAD,SANCHEZ CARRION,COCHORCO,-7.806389,-77.7175
LA LIBERTAD,SANCHEZ CARRION,CURGOS,-7.86,-77.943889
LA LIBERTAD,SANCHEZ CARRION,MARCABAL,-7.705833,-78.033611
LA LIBERTAD,SANCHEZ CARRION,SANAGORAN,-7.786111,-78.141944
LA LIBERTAD,SANCHEZ CARRION,SARIN,-7.911389,-77.906111
LA LIBERTAD,SANCHEZ CARRION,SARTIMBAMBA,-7.699167,-77.743611
LA LIBERTAD,SANTIAGO DE CHUCO,SANTIAGO DE CHUCO,-8.145278,-78.173611
LA LIBERTAD,SANTIAGO DE CHUCO,ANGASMARCA,-8.132778,-78.055833
LA LIBERTAD,SANTIAGO DE CHUCO,CACHICADAN,-8.094444,-78.148889
LA LIBERTAD,SANTIAGO DE CHUCO,MOLLEBAMBA,-8.170833,-77.973889
LA LIBERTAD,SANTIAGO DE CHUCO,MOLLEPATA,-8.193333,-77.957222
LA LIBERTAD,SANTIAGO DE CHUCO,QUIRUVILCA,-8.001944,-78.31
LA LIBERTAD,SANTIAGO DE CHUCO,SANTA CRUZ DE CHUCA,-8.120278,-78.142222
LA LIBERTAD,SANTIAGO DE CHUCO,SITABAMBA,-8.022222,-77.73
LA LIBERTAD,GRAN CHIMU,CASCAS,-7.479444,-78.819722
LA LIBERTAD,GRAN CHIMU,LUCMA,-7.640556,-78.552222
LA LIBERTAD,GRAN CHIMU,MARMOT,-7.698333,-78.626111
LA LIBERTAD,GRAN CHIMU,SAYAPULLO,-7.595833,-78.465
LA LIBERTAD,VIRU,VIRU,-8.414444,-78.752778
LA LIBERTAD,VIRU,CHAO,-8.540556,-78.678889
LA LIBERTAD,VIRU,GUADALUPITO,-8.951667,-78.624722
LAMBAYEQUE,CHICLAYO,CHICLAYO,-6.766944,-79.850556
LAMBAYEQUE,CHICLAYO,CHONGOYAPE,-6.643056,-79.385278
LAMBAYEQUE,CHICLAYO,ETEN,-6.906944,-79.8625
LAMBAYEQUE,CHICLAYO,ETEN PUERTO,-6.925556,-79.866111
LAMBAYEQUE,CHICLAYO,JOSE LEONARDO ORTIZ,-6.763056,-79.834444
LAMBAYEQUE,CHICLAYO,LA VICTORIA,-6.794444,-79.844444
LAMBAYEQUE,CHICLAYO,LAGUNAS,-6.991111,-79.622778
LAMBAYEQUE,CHICLAYO,MONSEFU,-6.878056,-79.8725
LAMBAYEQUE,CHICLAYO,NUEVA ARICA,-6.874167,-79.343611
LAMBAYEQUE,CHICLAYO,OYOTUN,-6.854444,-79.306389
LAMBAYEQUE,CHICLAYO,PICSI,-6.718333,-79.770556
LAMBAYEQUE,CHICLAYO,PIMENTEL,-6.835278,-79.935833
LAMBAYEQUE,CHICLAYO,REQUE,-6.865,-79.819167
LAMBAYEQUE,CHICLAYO,SANTA ROSA,-6.881667,-79.920833
LAMBAYEQUE,CHICLAYO,SAÑA,-6.918056,-79.583333
LAMBAYEQUE,CHICLAYO,CAYALTI,-6.891667,-79.562222
LAMBAYEQUE,CHICLAYO,PATAPO,-6.735556,-79.634722
LAMBAYEQUE,CHICLAYO,POMALCA,-6.77,-79.775278
LAMBAYEQUE,CHICLAYO,PUCALA,-6.781944,-79.612222
LAMBAYEQUE,CHICLAYO,TUMAN,-6.751111,-79.701111
LAMBAYEQUE,FERREÑAFE,FERREÑAFE,-6.638889,-79.788333
LAMBAYEQUE,FERREÑAFE,CAÑARIS,-6.046111,-79.265278
LAMBAYEQUE,FERREÑAFE,INCAHUASI,-6.235278,-79.316944
LAMBAYEQUE,FERREÑAFE,MANUEL ANTONIO MESONES MURO,-6.645,-79.738889
LAMBAYEQUE,FERREÑAFE,PITIPO,-6.565833,-79.780833
LAMBAYEQUE,FERREÑAFE,PUEBLO NUEVO,-6.640278,-79.796111
LAMBAYEQUE,LAMBAYEQUE,LAMBAYEQUE,-6.706944,-79.895278
LAMBAYEQUE,LAMBAYEQUE,CHOCHOPE,-6.157778,-79.647778
LAMBAYEQUE,LAMBAYEQUE,ILLIMO,-6.473889,-79.854722
LAMBAYEQUE,LAMBAYEQUE,JAYANCA,-6.392778,-79.822778
LAMBAYEQUE,LAMBAYEQUE,MOCHUMI,-6.547778,-79.865
LAMBAYEQUE,LAMBAYEQUE,MORROPE,-6.540278,-80.015556
LAMBAYEQUE,LAMBAYEQUE,MOTUPE,-6.150833,-79.714167
LAMBAYEQUE,LAMBAYEQUE,OLMOS,-5.987778,-79.7475
LAMBAYEQUE,LAMBAYEQUE,PACORA,-6.428611,-79.838889
LAMBAYEQUE,LAMBAYEQUE,SALAS,-6.274722,-79.607222
LAMBAYEQUE,LAMBAYEQUE,SAN JOSE,-6.769444,-79.968056
LAMBAYEQUE,LAMBAYEQUE,TUCUME,-6.51,-79.859167
LIMA,LIMA,LIMA,-12.045278,-77.030833
LIMA,LIMA,ANCON,-11.773889,-77.176389
LIMA,LIMA,ATE,-12.026389,-76.921389
LIMA,LIMA,BARRANCO,-12.149167,-77.021667
LIMA,LIMA,BREÑA,-12.058889,-77.046111
LIMA,LIMA,CARABAYLLO,-11.890278,-77.026944
LIMA,LIMA,CHACLACAYO,-11.975278,-76.768889
LIMA,LIMA,CHORRILLOS,-12.176944,-77.016389
LIMA,LIMA,CIENEGUILLA,-12.120278,-76.814167
LIMA,LIMA,COMAS,-11.957222,-77.049444
LIMA,LIMA,EL AGUSTINO,-12.048333,-77.000556
LIMA,LIMA,INDEPENDENCIA,-11.997222,-77.054722
LIMA,LIMA,JESUS MARIA,-12.075556,-77.043333
LIMA,LIMA,LA MOLINA,-12.078056,-76.916667
LIMA,LIMA,LA VICTORIA,-12.065,-77.030833
LIMA,LIMA,LINCE,-12.084444,-77.030278
LIMA,LIMA,LOS OLIVOS,-11.991389,-77.070833
LIMA,LIMA,LURIGANCHO,-11.935833,-76.697222
LIMA,LIMA,LURIN,-12.274722,-76.870278
LIMA,LIMA,MAGDALENA DEL MAR,-12.091667,-77.067222
LIMA,LIMA,PUEBLO LIBRE,-12.078056,-77.0625
LIMA,LIMA,MIRAFLORES,-12.121667,-77.029167
LIMA,LIMA,PACHACAMAC,-12.187222,-76.866667
LIMA,LIMA,PUCUSANA,-12.481667,-76.7975
LIMA,LIMA,PUENTE PIEDRA,-11.866667,-77.076944
LIMA,LIMA,PUNTA HERMOSA,-12.333611,-76.824167
LIMA,LIMA,PUNTA NEGRA,-12.365278,-76.795556
LIMA,LIMA,RIMAC,-12.042222,-77.026944
LIMA,LIMA,SAN BARTOLO,-12.389167,-76.780833
LIMA,LIMA,SAN BORJA,-12.107222,-76.998889
LIMA,LIMA,SAN ISIDRO,-12.097778,-77.027222
LIMA,LIMA,SAN JUAN DE LURIGANCHO,-12.029722,-77.01
LIMA,LIMA,SAN JUAN DE MIRAFLORES,-12.163611,-76.963611
LIMA,LIMA,SAN LUIS,-12.075556,-76.993611
LIMA,LIMA,SAN MARTIN DE PORRES,-12.03,-77.0575
LIMA,LIMA,SAN MIGUEL,-12.092222,-77.079444
LIMA,LIMA,SANTA ANITA,-12.043889,-76.971389
LIMA,LIMA,SANTA MARIA DEL MAR,-12.401944,-76.773333
LIMA,LIMA,SANTA ROSA,-11.787222,-77.156944
LIMA,LIMA,SANTIAGO DE SURCO,-12.145,-77.005
LIMA,LIMA,SURQUILLO,-12.118611,-77.021667
LIMA,LIMA,VILLA EL SALVADOR,-12.213333,-76.937222
LIMA,LIMA,VILLA MARIA DEL TRIUNFO,-12.1625,-76.943611
LIMA,BARRANCA,BARRANCA,-10.753333,-77.765
LIMA,BARRANCA,PARAMONGA,-10.674722,-77.818056
LIMA,BARRANCA,PATIVILCA,-10.696111,-77.780278
LIMA,BARRANCA,SUPE,-10.796111,-77.716111
LIMA,BARRANCA,SUPE PUERTO,-10.801667,-77.744722
LIMA,CAJATAMBO,CAJATAMBO,-10.473056,-76.993056
LIMA,CAJATAMBO,COPA,-10.386389,-77.078889
LIMA,CAJATAMBO,GORGOR,-10.621111,-77.041389
LIMA,CAJATAMBO,HUANCAPON,-10.549444,-77.1125
LIMA,CAJATAMBO,MANAS,-10.595556,-77.167222
LIMA,CANTA,CANTA,-11.467222,-76.624444
LIMA,CANTA,ARAHUAY,-11.621389,-76.670278
LIMA,CANTA,HUAMANTANGA,-11.499167,-76.749444
LIMA,CANTA,HUAROS,-11.406667,-76.575833
LIMA,CANTA,LACHAQUI,-11.553056,-76.625556
LIMA,CANTA,SAN BUENAVENTURA,-11.489167,-76.662222
LIMA,CANTA,SANTA ROSA DE QUIVES,-11.695278,-76.846111
LIMA,CAÑETE,SAN VICENTE DE CAÑETE,-13.077778,-76.387778
LIMA,CAÑETE,ASIA,-12.779167,-76.556667
LIMA,CAÑETE,CALANGO,-12.526389,-76.543611
LIMA,CAÑETE,CERRO AZUL,-13.025,-76.478889
LIMA,CAÑETE,CHILCA,-12.518056,-76.738056
LIMA,CAÑETE,COAYLLO,-12.727222,-76.460278
LIMA,CAÑETE,IMPERIAL,-13.060556,-76.352778
LIMA,CAÑETE,LUNAHUANA,-12.970556,-76.151111
LIMA,CAÑETE,MALA,-12.6575,-76.6325
LIMA,CAÑETE,NUEVO IMPERIAL,-13.075556,-76.316667
LIMA,CAÑETE,PACARAN,-12.866111,-76.054167
LIMA,CAÑETE,QUILMANA,-12.949444,-76.382778
LIMA,CAÑETE,SAN ANTONIO,-12.642222,-76.649444
LIMA,CAÑETE,SAN LUIS,-13.051111,-76.431111
LIMA,CAÑETE,SANTA CRUZ DE FLORES,-12.619722,-76.639722
LIMA,CAÑETE,ZUÑIGA,-12.860278,-76.0225
LIMA,HUARAL,HUARAL,-11.495278,-77.206944
LIMA,HUARAL,ATAVILLOS ALTO,-11.234167,-76.655833
LIMA,HUARAL,ATAVILLOS BAJO,-11.351944,-76.825556
LIMA,HUARAL,AUCALLAMA,-11.559444,-77.18
LIMA,HUARAL,CHANCAY,-11.563056,-77.270556
LIMA,HUARAL,IHUARI,-11.188611,-76.951944
LIMA,HUARAL,LAMPIAN,-11.237778,-76.839167
LIMA,HUARAL,PACARAOS,-11.186111,-76.647778
LIMA,HUARAL,SAN MIGUEL DE ACOS,-11.273889,-76.821944
LIMA,HUARAL,SANTA CRUZ DE ANDAMARCA,-11.194722,-76.634444
LIMA,HUARAL,SUMBILCA,-11.406667,-76.819722
LIMA,HUARAL,VEINTISIETE DE NOVIEMBRE,-11.192222,-76.779722
LIMA,HUAROCHIRI,MATUCANA,-11.845,-76.386111
LIMA,HUAROCHIRI,ANTIOQUIA,-12.080833,-76.510833
LIMA,HUAROCHIRI,CALLAHUANCA,-11.826389,-76.618889
LIMA,HUAROCHIRI,CARAMPOMA,-11.656389,-76.516389
LIMA,HUAROCHIRI,CHICLA,-11.706389,-76.268056
LIMA,HUAROCHIRI,CUENCA,-12.132222,-76.435278
LIMA,HUAROCHIRI,HUACHUPAMPA,-11.721111,-76.588611
LIMA,HUAROCHIRI,HUANZA,-11.656111,-76.503611
LIMA,HUAROCHIRI,HUAROCHIRI,-12.136111,-76.231944
LIMA,HUAROCHIRI,LAHUAYTAMBO,-12.096389,-76.388889
LIMA,HUAROCHIRI,LANGA,-12.125556,-76.421111
LIMA,HUAROCHIRI,LARAOS,-11.664444,-76.539444
LIMA,HUAROCHIRI,MARIATANA,-12.237222,-76.326111
LIMA,HUAROCHIRI,RICARDO PALMA,-11.923611,-76.665
LIMA,HUAROCHIRI,SAN ANDRES DE TUPICOCHA,-12.002222,-76.474722
LIMA,HUAROCHIRI,SAN ANTONIO,-11.743611,-76.65
LIMA,HUAROCHIRI,SAN BARTOLOME,-11.911944,-76.529167
LIMA,HUAROCHIRI,SAN DAMIAN,-12.017778,-76.391944
LIMA,HUAROCHIRI,SAN JUAN DE IRIS,-11.683056,-76.525
LIMA,HUAROCHIRI,SAN JUAN DE TANTARANCHE,-12.113611,-76.1825
LIMA,HUAROCHIRI,SAN LORENZO DE QUINTI,-12.145278,-76.2125
LIMA,HUAROCHIRI,SAN MATEO,-11.759167,-76.300556
LIMA,HUAROCHIRI,SAN MATEO DE OTAO,-11.870278,-76.543889
LIMA,HUAROCHIRI,SAN PEDRO DE CASTA,-11.758889,-76.596389
LIMA,HUAROCHIRI,SAN PEDRO DE HUANCAYRE,-12.131389,-76.215556
LIMA,HUAROCHIRI,SANGALLAYA,-12.160833,-76.228889
LIMA,HUAROCHIRI,SANTA CRUZ DE COCACHACRA,-11.911667,-76.539444
LIMA,HUAROCHIRI,SANTA EULALIA,-11.901667,-76.663889
LIMA,HUAROCHIRI,SANTIAGO DE ANCHUCAYA,-12.095556,-76.230556
LIMA,HUAROCHIRI,SANTIAGO DE TUNA,-11.983889,-76.525278
LIMA,HUAROCHIRI,SANTO DOMINGO DE LOS OLLEROS,-12.218889,-76.514167
LIMA,HUAROCHIRI,SURCO,-11.8825,-76.436111
LIMA,HUAURA,HUACHO,-11.108056,-77.610278
LIMA,HUAURA,AMBAR,-10.756111,-77.271944
LIMA,HUAURA,CALETA DE CARQUIN,-11.091667,-77.628333
LIMA,HUAURA,CHECRAS,-10.918056,-76.825556
LIMA,HUAURA,HUALMAY,-11.096667,-77.613056
LIMA,HUAURA,HUAURA,-11.069722,-77.599167
LIMA,HUAURA,LEONCIO PRADO,-11.061111,-76.930278
LIMA,HUAURA,PACCHO,-10.9575,-76.933333
LIMA,HUAURA,SANTA LEONOR,-10.948611,-76.745
LIMA,HUAURA,SANTA MARIA,-11.096667,-77.595
LIMA,HUAURA,SAYAN,-11.135278,-77.193611
LIMA,HUAURA,VEGUETA,-11.023333,-77.643889
LIMA,OYON,OYON,-10.668056,-76.773333
LIMA,OYON,ANDAJES,-10.792778,-76.909167
LIMA,OYON,CAUJUL,-10.805833,-76.979167
LIMA,OYON,COCHAMARCA,-10.863333,-77.128889
LIMA,OYON,NAVAN,-10.837778,-77.014444
LIMA,OYON,PACHANGARA,-10.811111,-76.875
LIMA,YAUYOS,YAUYOS,-12.459722,-75.918333
LIMA,YAUYOS,ALIS,-12.281111,-75.786389
LIMA,YAUYOS,AYAUCA,-12.591111,-76.036944
LIMA,YAUYOS,AYAVIRI,-12.3825,-76.136944
LIMA,YAUYOS,AZANGARO,-13.0,-75.837222
LIMA,YAUYOS,CACRA,-12.8125,-75.783056
LIMA,YAUYOS,CARANIA,-12.345556,-75.869444
LIMA,YAUYOS,CATAHUASI,-12.799444,-75.891389
LIMA,YAUYOS,CHOCOS,-12.914444,-75.862778
LIMA,YAUYOS,COCHAS,-12.294167,-76.1575
LIMA,YAUYOS,COLONIA,-12.633889,-75.890278
LIMA,YAUYOS,HONGOS,-12.810833,-75.765278
LIMA,YAUYOS,HUAMPARA,-12.360278,-76.167222
LIMA,YAUYOS,HUANCAYA,-12.203333,-75.799167
LIMA,YAUYOS,HUANGASCAR,-12.899444,-75.831944
LIMA,YAUYOS,HUANTAN,-12.456389,-75.811667
LIMA,YAUYOS,HUAÑEC,-12.293889,-76.138611
LIMA,YAUYOS,LARAOS,-12.346667,-75.785833
LIMA,YAUYOS,LINCHA,-12.799722,-75.666667
LIMA,YAUYOS,MADEAN,-12.944444,-75.777222
LIMA,YAUYOS,MIRAFLORES,-12.274444,-75.850278
LIMA,YAUYOS,OMAS,-12.514722,-76.289444
LIMA,YAUYOS,PUTINZA,-12.668056,-75.949444
LIMA,YAUYOS,QUINCHES,-12.307778,-76.143333
LIMA,YAUYOS,QUINOCAY,-12.362222,-76.226389
LIMA,YAUYOS,SAN JOAQUIN,-12.283889,-76.146944
LIMA,YAUYOS,SAN PEDRO DE PILAS,-12.454444,-76.226944
LIMA,YAUYOS,TANTA,-12.122222,-76.013333
LIMA,YAUYOS,TAURIPAMPA,-12.617222,-76.161944
LIMA,YAUYOS,TOMAS,-12.237778,-75.745
LIMA,YAUYOS,TUPE,-12.741111,-75.809444
LIMA,YAUYOS,VIÑAC,-12.931111,-75.78
LIMA,YAUYOS,VITIS,-12.223889,-75.808056
LORETO,MAYNAS,IQUITOS,-3.748056,-73.244167
LORETO,MAYNAS,ALTO NANAY,-3.888333,-73.6975
LORETO,MAYNAS,FERNANDO LORES,-4.001667,-73.156944
LORETO,MAYNAS,INDIANA,-3.500278,-73.041111
LORETO,MAYNAS,LAS AMAZONAS,-3.423056,-72.764444
LORETO,MAYNAS,MAZAN,-3.488611,-73.081667
LORETO,MAYNAS,NAPO,-2.489167,-73.676111
LORETO,MAYNAS,PUNCHANA,-3.728611,-73.241944
LORETO,MAYNAS,TORRES CAUSANA,-0.970556,-75.174167
LORETO,MAYNAS,BELEN,-3.769167,-73.26
LORETO,MAYNAS,SAN JUAN BAUTISTA,-3.770278,-73.280278
LORETO,ALTO AMAZONAS,YURIMAGUAS,-5.884167,-76.128056
LORETO,ALTO AMAZONAS,BALSAPUERTO,-5.833333,-76.559722
LORETO,ALTO AMAZONAS,JEBEROS,-5.290833,-76.283333
LORETO,ALTO AMAZONAS,LAGUNAS,-5.223889,-75.675
LORETO,ALTO AMAZONAS,SANTA CRUZ,-5.513333,-75.858889
LORETO,ALTO AMAZONAS,TENIENTE CESAR LOPEZ ROJAS,-6.025556,-75.874167
LORETO,LORETO,NAUTA,-4.501389,-73.569444
LORETO,LORETO,PARINARI,-4.631667,-74.463056
LORETO,LORETO,TIGRE,-3.489722,-74.781667
LORETO,LORETO,TROMPETEROS,-3.805,-75.060556
LORETO,LORETO,URARINAS,-4.5875,-74.767222
LORETO,MARISCAL RAMON CASTILLA,RAMON CASTILLA,-3.906111,-70.516944
LORETO,MARISCAL RAMON CASTILLA,PEBAS,-3.320278,-71.861944
LORETO,MARISCAL RAMON CASTILLA,YAVARI,-4.353611,-70.041667
LORETO,MARISCAL RAMON CASTILLA,SAN PABLO,-4.020278,-71.103056
LORETO,REQUENA,REQUENA,-5.063889,-73.856667
LORETO,REQUENA,ALTO TAPICHE,-6.025556,-74.094167
LORETO,REQUENA,CAPELO,-5.405278,-74.157778
LORETO,REQUENA,EMILIO SAN MARTIN,-5.793611,-74.283889
LORETO,REQUENA,MAQUIA,-5.749722,-74.537778
LORETO,REQUENA,PUINAHUA,-5.255556,-74.345556
LORETO,REQUENA,SAQUENA,-4.725,-73.533056
LORETO,REQUENA,SOPLIN,-6.007778,-73.6925
LORETO,REQUENA,TAPICHE,-5.693611,-74.137778
LORETO,REQUENA,JENARO HERRERA,-4.903611,-73.670556
LORETO,REQUENA,YAQUERANA,-5.148889,-72.875278
LORETO,UCAYALI,CONTAMANA,-7.350556,-75.009722
LORETO,UCAYALI,INAHUAYA,-7.116944,-75.2625
LORETO,UCAYALI,PADRE MARQUEZ,-7.946667,-74.840833
LORETO,UCAYALI,PAMPA HERMOSA,-7.196389,-75.294444
LORETO,UCAYALI,SARAYACU,-6.393056,-75.116944
LORETO,UCAYALI,VARGAS GUERRA,-6.911111,-75.158889
LORETO,DATEM DEL MARAÑON,BARRANCA,-4.831111,-76.555
LORETO,DATEM DEL MARAÑON,CAHUAPANAS,-5.249167,-77.041389
LORETO,DATEM DEL MARAÑON,MANSERICHE,-4.563611,-77.417222
LORETO,DATEM DEL MARAÑON,MORONA,-4.326389,-77.216111
LORETO,DATEM DEL MARAÑON,PASTAZA,-4.651111,-76.5875
LORETO,DATEM DEL MARAÑON,ANDOAS,-3.475556,-76.433611
LORETO,PUTUMAYO,PUTUMAYO,-2.446944,-72.668056
LORETO,PUTUMAYO,ROSA PANDURO,-1.788611,-73.413056
LORETO,PUTUMAYO,TENIENTE MANUEL CLAVERO,-0.373333,-74.675833
LORETO,PUTUMAYO,YAGUAS,-2.408056,-71.176667
MADRE DE DIOS,TAMBOPATA,TAMBOPATA,-12.593611,-69.176667
MADRE DE DIOS,TAMBOPATA,INAMBARI,-13.101389,-70.371667
MADRE DE DIOS,TAMBOPATA,LAS PIEDRAS,-12.279167,-69.150278
MADRE DE DIOS,TAMBOPATA,LABERINTO,-12.717222,-69.586667
MADRE DE DIOS,MANU,MANU,-12.837222,-71.365278
MADRE DE DIOS,MANU,FITZCARRALD,-12.265278,-70.91
MADRE DE DIOS,MANU,MADRE DE DIOS,-12.618611,-70.394167
MADRE DE DIOS,MANU,HUEPETUHE,-12.993611,-70.527222
MADRE DE DIOS,TAHUAMANU,IÑAPARI,-10.945,-69.576667
MADRE DE DIOS,TAHUAMANU,IBERIA,-11.410833,-69.486944
MADRE DE DIOS,TAHUAMANU,TAHUAMANU,-11.454722,-69.321389
MOQUEGUA,MARISCAL NIETO,MOQUEGUA,-17.194167,-70.933333
MOQUEGUA,MARISCAL NIETO,CARUMAS,-16.809167,-70.694722
MOQUEGUA,MARISCAL NIETO,CUCHUMBAYA,-16.750833,-70.686111
MOQUEGUA,MARISCAL NIETO,SAMEGUA,-17.182222,-70.900278
MOQUEGUA,MARISCAL NIETO,SAN CRISTOBAL,-16.739167,-70.683333
MOQUEGUA,MARISCAL NIETO,TORATA,-17.076667,-70.844167
MOQUEGUA,GENERAL SANCHEZ CERRO,OMATE,-16.673611,-70.970556
MOQUEGUA,GENERAL SANCHEZ CERRO,CHOJATA,-16.388333,-70.730278
MOQUEGUA,GENERAL SANCHEZ CERRO,COALAQUE,-16.648889,-71.021667
MOQUEGUA,GENERAL SANCHEZ CERRO,ICHUÑA,-16.140556,-70.535556
MOQUEGUA,GENERAL SANCHEZ CERRO,LA CAPILLA,-16.756667,-71.179167
MOQUEGUA,GENERAL SANCHEZ CERRO,LLOQUE,-16.323889,-70.738611
MOQUEGUA,GENERAL SANCHEZ CERRO,MATALAQUE,-16.481111,-70.826667
MOQUEGUA,GENERAL SANCHEZ CERRO,PUQUINA,-16.625278,-71.183889
MOQUEGUA,GENERAL SANCHEZ CERRO,QUINISTAQUILLAS,-16.748889,-70.880278
MOQUEGUA,GENERAL SANCHEZ CERRO,UBINAS,-16.386667,-70.855556
MOQUEGUA,GENERAL SANCHEZ CERRO,YUNGA,-16.195,-70.677778
MOQUEGUA,ILO,ILO,-17.625,-71.343333
MOQUEGUA,ILO,EL ALGARROBAL,-17.622778,-71.268333
MOQUEGUA,ILO,PACOCHA,-17.610833,-71.340278
PASCO,PASCO,CHAUPIMARCA,-10.6825,-76.256944
PASCO,PASCO,HUACHON,-10.636389,-75.951111
PASCO,PASCO,HUARIACA,-10.439167,-76.191667
PASCO,PASCO,HUAYLLAY,-11.001944,-76.364722
PASCO,PASCO,NINACACA,-10.855556,-76.113056
PASCO,PASCO,PALLANCHACRA,-10.415278,-76.235556
PASCO,PASCO,PAUCARTAMBO,-10.774444,-75.813333
PASCO,PASCO,SAN FRANCISCO DE ASIS DE YARUSYACAN,-10.49,-76.196111
PASCO,PASCO,SIMON BOLIVAR,-10.689167,-76.316389
PASCO,PASCO,TICLACAYAN,-10.535,-76.164167
PASCO,PASCO,TINYAHUARCO,-10.769722,-76.276944
PASCO,PASCO,VICCO,-10.838333,-76.238333
PASCO,PASCO,YANACANCHA,-10.663333,-76.253056
PASCO,DANIEL ALCIDES CARRION,YANAHUANCA,-10.491389,-76.516389
PASCO,DANIEL ALCIDES CARRION,CHACAYAN,-10.434444,-76.437222
PASCO,DANIEL ALCIDES CARRION,GOYLLARISQUIZGA,-10.473056,-76.408333
PASCO,DANIEL ALCIDES CARRION,PAUCAR,-10.371111,-76.443333
PASCO,DANIEL ALCIDES CARRION,SAN PEDRO DE PILLAO,-10.438889,-76.495278
PASCO,DANIEL ALCIDES CARRION,SANTA ANA DE TUSI,-10.4725,-76.353611
PASCO,DANIEL ALCIDES CARRION,TAPUC,-10.454722,-76.4625
PASCO,DANIEL ALCIDES CARRION,VILCABAMBA,-10.478611,-76.446944
PASCO,OXAPAMPA,OXAPAMPA,-10.575,-75.404722
PASCO,OXAPAMPA,CHONTABAMBA,-10.602222,-75.438889
PASCO,OXAPAMPA,HUANCABAMBA,-10.426111,-75.523889
PASCO,OXAPAMPA,PALCAZU,-10.184167,-75.148056
PASCO,OXAPAMPA,POZUZO,-10.071111,-75.550278
PASCO,OXAPAMPA,PUERTO BERMUDEZ,-10.299167,-74.937222
PASCO,OXAPAMPA,VILLA RICA,-10.739167,-75.275833
PASCO,OXAPAMPA,CONSTITUCION,-9.856389,-75.016944
PIURA,PIURA,PIURA,-5.1525,-80.657778
PIURA,PIURA,CASTILLA,-5.201389,-80.622778
PIURA,PIURA,CATACAOS,-5.267222,-80.6725
PIURA,PIURA,CURA MORI,-5.323611,-80.665556
PIURA,PIURA,EL TALLAN,-5.409167,-80.681111
PIURA,PIURA,LA ARENA,-5.343056,-80.703611
PIURA,PIURA,LA UNION,-5.388333,-80.737222
PIURA,PIURA,LAS LOMAS,-4.65,-80.239167
PIURA,PIURA,TAMBO GRANDE,-4.928056,-80.337222
PIURA,PIURA,VEINTISEIS DE OCTUBRE,-5.179167,-80.678056
PIURA,AYABACA,AYABACA,-4.640556,-79.715278
PIURA,AYABACA,FRIAS,-4.931667,-79.9475
PIURA,AYABACA,JILILI,-4.584722,-79.797222
PIURA,AYABACA,LAGUNAS,-4.789167,-79.845
PIURA,AYABACA,MONTERO,-4.632222,-79.828889
PIURA,AYABACA,PACAIPAMPA,-4.995556,-79.667778
PIURA,AYABACA,PAIMAS,-4.6275,-79.945556
PIURA,AYABACA,SAPILLICA,-4.779167,-79.982222
PIURA,AYABACA,SICCHEZ,-4.57,-79.763889
PIURA,AYABACA,SUYO,-4.512778,-80.0025
PIURA,HUANCABAMBA,HUANCABAMBA,-5.238611,-79.450278
PIURA,HUANCABAMBA,CANCHAQUE,-5.375833,-79.605556
PIURA,HUANCABAMBA,EL CARMEN DE LA FRONTERA,-5.148333,-79.428333
PIURA,HUANCABAMBA,HUARMACA,-5.568056,-79.524444
PIURA,HUANCABAMBA,LALAQUIZ,-5.215833,-79.68
PIURA,HUANCABAMBA,SAN MIGUEL DE EL FAIQUE,-5.401944,-79.606111
PIURA,HUANCABAMBA,SONDOR,-5.315556,-79.409722
PIURA,HUANCABAMBA,SONDORILLO,-5.339444,-79.428611
PIURA,MORROPON,CHULUCANAS,-5.097222,-80.160278
PIURA,MORROPON,BUENOS AIRES,-5.266944,-79.966944
PIURA,MORROPON,CHALACO,-5.041111,-79.795556
PIURA,MORROPON,LA MATANZA,-5.213611,-80.090556
PIURA,MORROPON,MORROPON,-5.186111,-79.969167
PIURA,MORROPON,SALITRAL,-5.341944,-79.833611
PIURA,MORROPON,SAN JUAN DE BIGOTE,-5.319444,-79.786111
PIURA,MORROPON,SANTA CATALINA DE MOSSA,-5.102778,-79.885
PIURA,MORROPON,SANTO DOMINGO,-5.029444,-79.875833
PIURA,MORROPON,YAMANGO,-5.180833,-79.751111
PIURA,PAITA,PAITA,-5.093056,-81.099444
PIURA,PAITA,AMOTAPE,-4.881944,-81.015278
PIURA,PAITA,ARENAL,-4.883611,-81.026389
PIURA,PAITA,COLAN,-4.900556,-81.056389
PIURA,PAITA,LA HUACA,-4.910278,-80.961389
PIURA,PAITA,TAMARINDO,-4.878333,-80.975833
PIURA,PAITA,VICHAYAL,-4.864167,-81.073056
PIURA,SULLANA,SULLANA,-4.890556,-80.687778
PIURA,SULLANA,BELLAVISTA,-4.89,-80.680278
PIURA,SULLANA,IGNACIO ESCUDERO,-4.846111,-80.873056
PIURA,SULLANA,LANCONES,-4.632778,-80.545556
PIURA,SULLANA,MARCAVELICA,-4.881667,-80.703611
PIURA,SULLANA,MIGUEL CHECA,-4.900278,-80.814722
PIURA,SULLANA,QUERECOTILLO,-4.839167,-80.648333
PIURA,SULLANA,SALITRAL,-4.856944,-80.680833
PIURA,TALARA,PARIÑAS,-4.579444,-81.269444
PIURA,TALARA,EL ALTO,-4.268611,-81.221389
PIURA,TALARA,LA BREA,-4.654722,-81.305833
PIURA,TALARA,LOBITOS,-4.456944,-81.285
PIURA,TALARA,LOS ORGANOS,-4.179167,-81.129444
PIURA,TALARA,MANCORA,-4.106944,-81.053889
PIURA,SECHURA,SECHURA,-5.557222,-80.822222
PIURA,SECHURA,BELLAVISTA DE LA UNION,-5.440278,-80.755
PIURA,SECHURA,BERNAL,-5.458889,-80.741944
PIURA,SECHURA,CRISTO NOS VALGA,-5.493056,-80.741111
PIURA,SECHURA,VICE,-5.422222,-80.776389
PIURA,SECHURA,RINCONADA LLICUAR,-5.463611,-80.765278
PUNO,PUNO,PUNO,-15.840278,-70.028056
PUNO,PUNO,ACORA,-15.973611,-69.797778
PUNO,PUNO,AMANTANI,-15.657222,-69.718333
PUNO,PUNO,ATUNCOLLA,-15.688333,-70.143889
PUNO,PUNO,CAPACHICA,-15.641667,-69.830833
PUNO,PUNO,CHUCUITO,-15.894722,-69.889444
PUNO,PUNO,COATA,-15.571389,-69.950556
PUNO,PUNO,HUATA,-15.615,-69.971389
PUNO,PUNO,MAÑAZO,-15.801111,-70.343333
PUNO,PUNO,PAUCARCOLLA,-15.745556,-70.056111
PUNO,PUNO,PICHACANI,-16.15,-70.063333
PUNO,PUNO,PLATERIA,-15.948333,-69.833333
PUNO,PUNO,SAN ANTONIO,-16.140556,-70.343889
PUNO,PUNO,TIQUILLACA,-15.796944,-70.186667
PUNO,PUNO,VILQUE,-15.766667,-70.258889
PUNO,AZANGARO,AZANGARO,-14.908056,-70.195556
PUNO,AZANGARO,ACHAYA,-15.284722,-70.161111
PUNO,AZANGARO,ARAPA,-15.138889,-70.11
PUNO,AZANGARO,ASILLO,-14.786389,-70.353611
PUNO,AZANGARO,CAMINACA,-15.324722,-70.072778
PUNO,AZANGARO,CHUPA,-15.105833,-69.987222
PUNO,AZANGARO,JOSE DOMINGO CHOQUEHUANCA,-15.033889,-70.338056
PUNO,AZANGARO,MUÑANI,-14.770833,-69.955556
PUNO,AZANGARO,POTONI,-14.39,-70.105
PUNO,AZANGARO,SAMAN,-15.291944,-70.017222
PUNO,AZANGARO,SAN ANTON,-14.583889,-70.317222
PUNO,AZANGARO,SAN JOSE,-14.680278,-70.16
PUNO,AZANGARO,SAN JUAN DE SALINAS,-14.991389,-70.106111
PUNO,AZANGARO,SANTIAGO DE PUPUJA,-15.052778,-70.278056
PUNO,AZANGARO,TIRAPATA,-14.955,-70.402778
PUNO,CARABAYA,MACUSANI,-14.068611,-70.431111
PUNO,CARABAYA,AJOYANI,-14.229444,-70.223611
PUNO,CARABAYA,AYAPATA,-13.776667,-70.322778
PUNO,CARABAYA,COASA,-13.989167,-70.015833
PUNO,CARABAYA,CORANI,-13.868611,-70.604444
PUNO,CARABAYA,CRUCERO,-14.361667,-70.023611
PUNO,CARABAYA,ITUATA,-13.876389,-70.213889
PUNO,CARABAYA,OLLACHEA,-13.793889,-70.4725
PUNO,CARABAYA,SAN GABAN,-13.438333,-70.402778
PUNO,CARABAYA,USICAYOS,-14.125278,-69.9675
PUNO,CHUCUITO,JULI,-16.212778,-69.459444
PUNO,CHUCUITO,DESAGUADERO,-16.564444,-69.039444
PUNO,CHUCUITO,HUACULLANI,-16.630556,-69.321944
PUNO,CHUCUITO,KELLUYO,-16.726944,-69.250278
PUNO,CHUCUITO,PISACOMA,-16.908611,-69.371389
PUNO,CHUCUITO,POMATA,-16.273611,-69.292778
PUNO,CHUCUITO,ZEPITA,-16.496944,-69.103333
PUNO,EL COLLAO,ILAVE,-16.086944,-69.638056
PUNO,EL COLLAO,CAPAZO,-17.183889,-69.744444
PUNO,EL COLLAO,PILCUYO,-16.110833,-69.554167
PUNO,EL COLLAO,SANTA ROSA,-16.742222,-69.716667
PUNO,EL COLLAO,CONDURIRI,-16.621944,-69.708611
PUNO,HUANCANE,HUANCANE,-15.200833,-69.767778
PUNO,HUANCANE,COJATA,-15.015278,-69.365556
PUNO,HUANCANE,HUATASANI,-15.059444,-69.801944
PUNO,HUANCANE,INCHUPALLA,-15.009722,-69.682778
PUNO,HUANCANE,PUSI,-15.441944,-69.929722
PUNO,HUANCANE,ROSASPATA,-15.234722,-69.5275
PUNO,HUANCANE,TARACO,-15.297222,-69.978333
PUNO,HUANCANE,VILQUE CHICO,-15.213889,-69.689167
PUNO,LAMPA,LAMPA,-15.364722,-70.367778
PUNO,LAMPA,CABANILLA,-15.620278,-70.345556
PUNO,LAMPA,CALAPUJA,-15.310556,-70.221667
PUNO,LAMPA,NICASIO,-15.235556,-70.261111
PUNO,LAMPA,OCUVIRI,-15.113889,-70.909167
PUNO,LAMPA,PALCA,-15.236944,-70.598056
PUNO,LAMPA,PARATIA,-15.454167,-70.599722
PUNO,LAMPA,PUCARA,-15.041667,-70.367778
PUNO,LAMPA,SANTA LUCIA,-15.699444,-70.606389
PUNO,LAMPA,VILAVILA,-15.188333,-70.66
PUNO,MELGAR,AYAVIRI,-14.881667,-70.589444
PUNO,MELGAR,ANTAUTA,-14.299722,-70.292222
PUNO,MELGAR,CUPI,-14.905,-70.866667
PUNO,MELGAR,LLALLI,-14.948056,-70.880556
PUNO,MELGAR,MACARI,-14.771667,-70.903333
PUNO,MELGAR,NUÑOA,-14.476111,-70.636389
PUNO,MELGAR,ORURILLO,-14.727778,-70.512222
PUNO,MELGAR,SANTA ROSA,-14.6075,-70.787778
PUNO,MELGAR,UMACHIRI,-14.853889,-70.753889
PUNO,MOHO,MOHO,-15.360278,-69.499722
PUNO,MOHO,CONIMA,-15.457778,-69.437778
PUNO,MOHO,HUAYRAPATA,-15.321389,-69.341111
PUNO,MOHO,TILALI,-15.515,-69.348056
PUNO,SAN ANTONIO DE PUTINA,PUTINA,-14.914167,-69.868889
PUNO,SAN ANTONIO DE PUTINA,ANANEA,-14.678611,-69.535
PUNO,SAN ANTONIO DE PUTINA,PEDRO VILCA APAZA,-15.063611,-69.881667
PUNO,SAN ANTONIO DE PUTINA,QUILCAPUNCU,-14.893611,-69.730278
PUNO,SAN ANTONIO DE PUTINA,SINA,-14.496667,-69.280278
PUNO,SAN ROMAN,JULIACA,-15.483889,-70.133333
PUNO,SAN ROMAN,CABANA,-15.649167,-70.321944
PUNO,SAN ROMAN,CABANILLAS,-15.644444,-70.353889
PUNO,SAN ROMAN,CARACOTO,-15.5675,-70.1025
PUNO,SAN ROMAN,SAN MIGUEL,-15.460278,-70.126944
PUNO,SANDIA,SANDIA,-14.322222,-69.466389
PUNO,SANDIA,CUYOCUYO,-14.470278,-69.537222
PUNO,SANDIA,LIMBANI,-14.149722,-69.690556
PUNO,SANDIA,PATAMBUCO,-14.361667,-69.619444
PUNO,SANDIA,PHARA,-14.151944,-69.665278
PUNO,SANDIA,QUIACA,-14.422222,-69.345
PUNO,SANDIA,SAN JUAN DEL ORO,-14.220833,-69.153611
PUNO,SANDIA,YANAHUAYA,-14.258611,-69.169444
PUNO,SANDIA,ALTO INAMBARI,-14.09,-69.243333
PUNO,SANDIA,SAN PEDRO DE PUTINA PUNCO,-14.1125,-69.047778
PUNO,YUNGUYO,YUNGUYO,-16.226667,-69.095556
PUNO,YUNGUYO,ANAPIA,-16.313889,-68.852778
PUNO,YUNGUYO,COPANI,-16.4,-69.040278
PUNO,YUNGUYO,CUTURAPI,-16.270556,-69.176944
PUNO,YUNGUYO,OLLARAYA,-16.219722,-68.991111
PUNO,YUNGUYO,TINICACHI,-16.198611,-68.961667
PUNO,YUNGUYO,UNICACHI,-16.223611,-68.981111
SAN MARTIN,MOYOBAMBA,MOYOBAMBA,-6.034722,-76.974167
SAN MARTIN,MOYOBAMBA,CALZADA,-6.030278,-77.066667
SAN MARTIN,MOYOBAMBA,HABANA,-6.079722,-77.091389
SAN MARTIN,MOYOBAMBA,JEPELACIO,-6.108056,-76.915278
SAN MARTIN,MOYOBAMBA,SORITOR,-6.139444,-77.1025
SAN MARTIN,MOYOBAMBA,YANTALO,-5.974444,-77.020833
SAN MARTIN,BELLAVISTA,BELLAVISTA,-7.052222,-76.589722
SAN MARTIN,BELLAVISTA,ALTO BIAVO,-7.255833,-76.476667
SAN MARTIN,BELLAVISTA,BAJO BIAVO,-7.101667,-76.471944
SAN MARTIN,BELLAVISTA,HUALLAGA,-7.131111,-76.648611
SAN MARTIN,BELLAVISTA,SAN PABLO,-6.809722,-76.574722
SAN MARTIN,BELLAVISTA,SAN RAFAEL,-7.023056,-76.465833
SAN MARTIN,EL DORADO,SAN JOSE DE SISA,-6.613889,-76.695278
SAN MARTIN,EL DORADO,AGUA BLANCA,-6.725278,-76.695278
SAN MARTIN,EL DORADO,SAN MARTIN,-6.514444,-76.740556
SAN MARTIN,EL DORADO,SANTA ROSA,-6.746389,-76.623611
SAN MARTIN,EL DORADO,SHATOJA,-6.528333,-76.72
SAN MARTIN,HUALLAGA,SAPOSOA,-6.936667,-76.772222
SAN MARTIN,HUALLAGA,ALTO SAPOSOA,-6.764722,-76.813611
SAN MARTIN,HUALLAGA,EL ESLABON,-7.021667,-76.723333
SAN MARTIN,HUALLAGA,PISCOYACU,-6.981111,-76.769444
SAN MARTIN,HUALLAGA,SACANCHE,-7.07,-76.713611
SAN MARTIN,HUALLAGA,TINGO DE SAPOSOA,-7.091944,-76.641389
SAN MARTIN,LAMAS,LAMAS,-6.423889,-76.523333
SAN MARTIN,LAMAS,ALONSO DE ALVARADO,-6.355833,-76.775278
SAN MARTIN,LAMAS,BARRANQUITA,-6.252222,-76.033333
SAN MARTIN,LAMAS,CAYNARACHI,-6.330833,-76.284167
SAN MARTIN,LAMAS,CUÑUMBUQUI,-6.510556,-76.481667
SAN MARTIN,LAMAS,PINTO RECODO,-6.379167,-76.604444
SAN MARTIN,LAMAS,RUMISAPA,-6.448889,-76.471667
SAN MARTIN,LAMAS,SAN ROQUE DE CUMBAZA,-6.385556,-76.438611
SAN MARTIN,LAMAS,SHANAO,-6.411667,-76.594167
SAN MARTIN,LAMAS,TABALOSOS,-6.389444,-76.634167
SAN MARTIN,LAMAS,ZAPATERO,-6.529722,-76.494167
SAN MARTIN,MARISCAL CACERES,JUANJUI,-7.176667,-76.723889
SAN MARTIN,MARISCAL CACERES,CAMPANILLA,-7.483056,-76.649722
SAN MARTIN,MARISCAL CACERES,HUICUNGO,-7.316944,-76.777222
SAN MARTIN,MARISCAL CACERES,PACHIZA,-7.298056,-76.773333
SAN MARTIN,MARISCAL CACERES,PAJARILLO,-7.176667,-76.688611
SAN MARTIN,PICOTA,PICOTA,-6.92,-76.330278
SAN MARTIN,PICOTA,BUENOS AIRES,-6.791667,-76.327778
SAN MARTIN,PICOTA,CASPISAPA,-6.956389,-76.418611
SAN MARTIN,PICOTA,PILLUANA,-6.776667,-76.291667
SAN MARTIN,PICOTA,PUCACACA,-6.848889,-76.341111
SAN MARTIN,PICOTA,SAN CRISTOBAL,-6.991944,-76.417778
SAN MARTIN,PICOTA,SAN HILARION,-7.003889,-76.439444
SAN MARTIN,PICOTA,SHAMBOYACU,-7.024167,-76.132778
SAN MARTIN,PICOTA,TINGO DE PONASA,-6.936111,-76.253889
SAN MARTIN,PICOTA,TRES UNIDOS,-6.805833,-76.232222
SAN MARTIN,RIOJA,RIOJA,-6.0625,-77.168333
SAN MARTIN,RIOJA,AWAJUN,-5.816111,-77.382778
SAN MARTIN,RIOJA,ELIAS SOPLIN VARGAS,-5.987222,-77.278056
SAN MARTIN,RIOJA,NUEVA CAJAMARCA,-5.936111,-77.306944
SAN MARTIN,RIOJA,PARDO MIGUEL,-5.739444,-77.504444
SAN MARTIN,RIOJA,POSIC,-6.013333,-77.161944
SAN MARTIN,RIOJA,SAN FERNANDO,-5.901944,-77.269444
SAN MARTIN,RIOJA,YORONGOS,-6.138611,-77.144167
SAN MARTIN,RIOJA,YURACYACU,-5.931111,-77.226389
SAN MARTIN,SAN MARTIN,TARAPOTO,-6.489444,-76.360278
SAN MARTIN,SAN MARTIN,ALBERTO LEVEAU,-6.663056,-76.286667
SAN MARTIN,SAN MARTIN,CACATACHI,-6.461944,-76.451389
SAN MARTIN,SAN MARTIN,CHAZUTA,-6.573611,-76.137778
SAN MARTIN,SAN MARTIN,CHIPURANA,-6.354167,-75.741389
SAN MARTIN,SAN MARTIN,EL PORVENIR,-6.211667,-75.800833
SAN MARTIN,SAN MARTIN,HUIMBAYOC,-6.417778,-75.768056
SAN MARTIN,SAN MARTIN,JUAN GUERRA,-6.584167,-76.330833
SAN MARTIN,SAN MARTIN,LA BANDA DE SHILCAYO,-6.49,-76.340556
SAN MARTIN,SAN MARTIN,MORALES,-6.479167,-76.383056
SAN MARTIN,SAN MARTIN,PAPAPLAYA,-6.245278,-75.790556
SAN MARTIN,SAN MARTIN,SAN ANTONIO,-6.409444,-76.406667
SAN MARTIN,SAN MARTIN,SAUCE,-6.690556,-76.216667
SAN MARTIN,SAN MARTIN,SHAPAJA,-6.579722,-76.261944
SAN MARTIN,TOCACHE,TOCACHE,-8.188333,-76.509444
SAN MARTIN,TOCACHE,NUEVO PROGRESO,-8.450556,-76.326389
SAN MARTIN,TOCACHE,POLVORA,-7.907778,-76.667778
SAN MARTIN,TOCACHE,SHUNTE,-8.351667,-76.729722
SAN MARTIN,TOCACHE,UCHIZA,-8.458333,-76.461667
TACNA,TACNA,TACNA,-18.001944,-70.251944
TACNA,TACNA,ALTO DE LA ALIANZA,-17.993056,-70.247778
TACNA,TACNA,CALANA,-17.943333,-70.188333
TACNA,TACNA,CIUDAD NUEVA,-17.981944,-70.238056
TACNA,TACNA,INCLAN,-17.793889,-70.494722
TACNA,TACNA,PACHIA,-17.896389,-70.153889
TACNA,TACNA,PALCA,-17.778333,-69.959722
TACNA,TACNA,POCOLLAY,-17.996667,-70.225833
TACNA,TACNA,SAMA,-17.8625,-70.56
TACNA,TACNA,CORONEL GREGORIO ALBARRACIN LANCHIPA,-18.043056,-70.251667
TACNA,TACNA,LA YARADA LOS PALOS,-18.286111,-70.439167
TACNA,CANDARAVE,CANDARAVE,-17.268056,-70.250278
TACNA,CANDARAVE,CAIRANI,-17.285278,-70.363611
TACNA,CANDARAVE,CAMILACA,-17.2425,-70.388056
TACNA,CANDARAVE,CURIBAYA,-17.381389,-70.334722
TACNA,CANDARAVE,HUANUARA,-17.313611,-70.3225
TACNA,CANDARAVE,QUILAHUANI,-17.318333,-70.258611
TACNA,JORGE BASADRE,LOCUMBA,-17.613889,-70.762778
TACNA,JORGE BASADRE,ILABAYA,-17.418056,-70.513056
TACNA,JORGE BASADRE,ITE,-17.861667,-70.965833
TACNA,TARATA,TARATA,-17.475,-70.031944
TACNA,TARATA,HEROES ALBARRACIN CHUCATAMANI,-17.480556,-70.123056
TACNA,TARATA,ESTIQUE,-17.541944,-70.018333
TACNA,TARATA,ESTIQUE-PAMPA,-17.538611,-70.031389
TACNA,TARATA,SITAJARA,-17.375278,-70.133889
TACNA,TARATA,SUSAPAYA,-17.348056,-70.133611
TACNA,TARATA,TARUCACHI,-17.525833,-70.031667
TACNA,TARATA,TICACO,-17.447222,-70.046667
TUMBES,TUMBES,TUMBES,-3.571111,-80.459167
TUMBES,TUMBES,CORRALES,-3.601389,-80.480556
TUMBES,TUMBES,LA CRUZ,-3.637222,-80.59
TUMBES,TUMBES,PAMPAS DE HOSPITAL,-3.693333,-80.439167
TUMBES,TUMBES,SAN JACINTO,-3.640833,-80.445278
TUMBES,TUMBES,SAN JUAN DE LA VIRGEN,-3.627778,-80.433611
TUMBES,CONTRALMIRANTE VILLAR,ZORRITOS,-3.6775,-80.668056
TUMBES,CONTRALMIRANTE VILLAR,CASITAS,-3.942222,-80.651111
TUMBES,CONTRALMIRANTE VILLAR,CANOAS DE PUNTA SAL,-3.950556,-80.94
TUMBES,ZARUMILLA,ZARUMILLA,-3.501111,-80.275556
TUMBES,ZARUMILLA,AGUAS VERDES,-3.481667,-80.245
TUMBES,ZARUMILLA,MATAPALO,-3.682222,-80.199722
TUMBES,ZARUMILLA,PAPAYAL,-3.571389,-80.235
UCAYALI,CORONEL PORTILLO,CALLERIA,-8.368056,-74.543333
UCAYALI,CORONEL PORTILLO,CAMPOVERDE,-8.471944,-74.805278
UCAYALI,CORONEL PORTILLO,IPARIA,-9.306111,-74.435556
UCAYALI,CORONEL PORTILLO,MASISEA,-8.604722,-74.306111
UCAYALI,CORONEL PORTILLO,YARINACOCHA,-8.355556,-74.575833
UCAYALI,CORONEL PORTILLO,NUEVA REQUENA,-8.320556,-74.851389
UCAYALI,CORONEL PORTILLO,MANANTAY,-8.400278,-74.541389
UCAYALI,ATALAYA,RAYMONDI,-10.729722,-73.755278
UCAYALI,ATALAYA,SEPAHUA,-11.137222,-73.045556
UCAYALI,ATALAYA,TAHUANIA,-10.030556,-73.956389
UCAYALI,ATALAYA,YURUA,-9.531389,-72.76
UCAYALI,PADRE ABAD,PADRE ABAD,-9.033611,-75.5075
UCAYALI,PADRE ABAD,IRAZOLA,-8.828611,-75.213333
UCAYALI,PADRE ABAD,CURIMANA,-8.433333,-75.147778
UCAYALI,PADRE ABAD,NESHUYA,-8.64,-74.964444
UCAYALI,PADRE ABAD,ALEXANDER VON HUMBOLDT,-8.8275,-75.050833
UCAYALI,PURUS,PURUS,-9.772222,-70.709722
